"Validation protocol","Experimental stage","Beam No.","Model","Outer fold","Test records","Test groups","Selected scaler","Noise augmentation","Selected hyperparameters","Inner-CV group RMSE (kN)","Base random seed","Outer split seed","Inner split seed"
"Short-term grouped nested CV","Short-term loading","1","DT","1","16","15","Not applicable","None","{""criterion"":""squared_error"",""max_depth"":5,""min_samples_leaf"":2,""min_samples_split"":5}","2.463446055478782","42","42","59"
"Short-term grouped nested CV","Short-term loading","1","DT","2","14","14","Not applicable","None","{""criterion"":""squared_error"",""max_depth"":5,""min_samples_leaf"":2,""min_samples_split"":5}","2.296848805893523","42","42","59"
"Short-term grouped nested CV","Short-term loading","1","DT","3","14","14","Not applicable","None","{""criterion"":""squared_error"",""max_depth"":5,""min_samples_leaf"":2,""min_samples_split"":5}","1.712632587602186","42","42","59"
"Short-term grouped nested CV","Short-term loading","1","DT","4","14","14","Not applicable","None","{""criterion"":""squared_error"",""max_depth"":8,""min_samples_leaf"":1,""min_samples_split"":2}","1.6368562079834732","42","42","59"
"Short-term grouped nested CV","Short-term loading","1","DT","5","15","14","Not applicable","None","{""criterion"":""squared_error"",""max_depth"":5,""min_samples_leaf"":1,""min_samples_split"":2}","1.960550256928274","42","42","59"
"Short-term grouped nested CV","Short-term loading","1","MLP","1","16","15","Standard","None","{""activation"":""tanh"",""alpha"":0.1,""hidden_layer_sizes"":[10,5]}","1.829394506185499","42","42","59"
"Short-term grouped nested CV","Short-term loading","1","MLP","2","14","14","Standard","None","{""activation"":""tanh"",""alpha"":0.1,""hidden_layer_sizes"":[10,5]}","1.8019302780140394","42","42","59"
"Short-term grouped nested CV","Short-term loading","1","MLP","3","14","14","Standard","None","{""activation"":""tanh"",""alpha"":0.01,""hidden_layer_sizes"":[5]}","0.8123154128254368","42","42","59"
"Short-term grouped nested CV","Short-term loading","1","MLP","4","14","14","Standard","None","{""activation"":""tanh"",""alpha"":0.1,""hidden_layer_sizes"":[10,5]}","1.6229652379586323","42","42","59"
"Short-term grouped nested CV","Short-term loading","1","MLP","5","15","14","Standard","None","{""activation"":""relu"",""alpha"":1.0,""hidden_layer_sizes"":[20]}","1.1885302265238327","42","42","59"
"Short-term grouped nested CV","Short-term loading","1","RF","1","16","15","Not applicable","None","{""max_depth"":5,""max_features"":""sqrt"",""min_samples_leaf"":1,""n_estimators"":150}","1.9101413420331288","42","42","59"
"Short-term grouped nested CV","Short-term loading","1","RF","2","14","14","Not applicable","None","{""max_depth"":null,""max_features"":0.7,""min_samples_leaf"":1,""n_estimators"":300}","1.93718019796706","42","42","59"
"Short-term grouped nested CV","Short-term loading","1","RF","3","14","14","Not applicable","None","{""max_depth"":5,""max_features"":0.7,""min_samples_leaf"":1,""n_estimators"":300}","1.4703393315190896","42","42","59"
"Short-term grouped nested CV","Short-term loading","1","RF","4","14","14","Not applicable","None","{""max_depth"":5,""max_features"":""sqrt"",""min_samples_leaf"":1,""n_estimators"":150}","1.8468927290828543","42","42","59"
"Short-term grouped nested CV","Short-term loading","1","RF","5","15","14","Not applicable","None","{""max_depth"":5,""max_features"":""sqrt"",""min_samples_leaf"":1,""n_estimators"":150}","1.5048723105705772","42","42","59"
"Short-term grouped nested CV","Short-term loading","1","SVM","1","16","15","Robust","None","{""C"":10,""epsilon"":0.01,""gamma"":0.03,""kernel"":""rbf""}","1.4440332398413813","42","42","59"
"Short-term grouped nested CV","Short-term loading","1","SVM","2","14","14","Robust","None","{""C"":10,""epsilon"":0.01,""gamma"":0.03,""kernel"":""rbf""}","1.7099788702355196","42","42","59"
"Short-term grouped nested CV","Short-term loading","1","SVM","3","14","14","Robust","None","{""C"":10,""epsilon"":0.01,""gamma"":0.03,""kernel"":""rbf""}","0.9496104727018694","42","42","59"
"Short-term grouped nested CV","Short-term loading","1","SVM","4","14","14","Robust","None","{""C"":10,""epsilon"":0.01,""gamma"":0.03,""kernel"":""rbf""}","1.4489125842266861","42","42","59"
"Short-term grouped nested CV","Short-term loading","1","SVM","5","15","14","Standard","None","{""C"":10,""epsilon"":0.01,""gamma"":0.03,""kernel"":""rbf""}","1.1773525836526615","42","42","59"
"Short-term grouped nested CV","Short-term loading","1","XGBoost","1","16","15","Not applicable","None","{""colsample_bytree"":1.0,""learning_rate"":0.05,""max_depth"":2,""min_child_weight"":3,""n_estimators"":300,""reg_lambda"":10,""subsample"":0.8}","1.6287449073738536","42","42","59"
"Short-term grouped nested CV","Short-term loading","1","XGBoost","2","14","14","Not applicable","None","{""colsample_bytree"":1.0,""learning_rate"":0.03,""max_depth"":3,""min_child_weight"":5,""n_estimators"":300,""reg_lambda"":10,""subsample"":1.0}","1.8810147406861077","42","42","59"
"Short-term grouped nested CV","Short-term loading","1","XGBoost","3","14","14","Not applicable","None","{""colsample_bytree"":1.0,""learning_rate"":0.03,""max_depth"":3,""min_child_weight"":5,""n_estimators"":300,""reg_lambda"":10,""subsample"":1.0}","1.4594338811512622","42","42","59"
"Short-term grouped nested CV","Short-term loading","1","XGBoost","4","14","14","Not applicable","None","{""colsample_bytree"":0.8,""learning_rate"":0.05,""max_depth"":4,""min_child_weight"":5,""n_estimators"":300,""reg_lambda"":10,""subsample"":1.0}","1.8831158489944901","42","42","59"
"Short-term grouped nested CV","Short-term loading","1","XGBoost","5","15","14","Not applicable","None","{""colsample_bytree"":0.8,""learning_rate"":0.05,""max_depth"":4,""min_child_weight"":5,""n_estimators"":300,""reg_lambda"":10,""subsample"":1.0}","1.615238103732174","42","42","59"
"Short-term grouped nested CV","Short-term loading","2","DT","1","15","15","Not applicable","None","{""criterion"":""squared_error"",""max_depth"":5,""min_samples_leaf"":1,""min_samples_split"":2}","1.1703742258184087","42","42","59"
"Short-term grouped nested CV","Short-term loading","2","DT","2","15","15","Not applicable","None","{""criterion"":""squared_error"",""max_depth"":8,""min_samples_leaf"":1,""min_samples_split"":2}","1.259211672074127","42","42","59"
"Short-term grouped nested CV","Short-term loading","2","DT","3","14","14","Not applicable","None","{""criterion"":""squared_error"",""max_depth"":8,""min_samples_leaf"":1,""min_samples_split"":2}","1.6958366869971642","42","42","59"
"Short-term grouped nested CV","Short-term loading","2","DT","4","14","14","Not applicable","None","{""criterion"":""squared_error"",""max_depth"":8,""min_samples_leaf"":1,""min_samples_split"":2}","0.89220764553921","42","42","59"
"Short-term grouped nested CV","Short-term loading","2","DT","5","14","14","Not applicable","None","{""criterion"":""squared_error"",""max_depth"":8,""min_samples_leaf"":1,""min_samples_split"":2}","1.3246990549581052","42","42","59"
"Short-term grouped nested CV","Short-term loading","2","MLP","1","15","15","Standard","None","{""activation"":""tanh"",""alpha"":0.1,""hidden_layer_sizes"":[10]}","0.413627587726039","42","42","59"
"Short-term grouped nested CV","Short-term loading","2","MLP","2","15","15","Standard","None","{""activation"":""relu"",""alpha"":0.1,""hidden_layer_sizes"":[10]}","0.41933946786046383","42","42","59"
"Short-term grouped nested CV","Short-term loading","2","MLP","3","14","14","Standard","None","{""activation"":""tanh"",""alpha"":0.01,""hidden_layer_sizes"":[5]}","0.4445427985366561","42","42","59"
"Short-term grouped nested CV","Short-term loading","2","MLP","4","14","14","Standard","None","{""activation"":""tanh"",""alpha"":0.1,""hidden_layer_sizes"":[10]}","0.4481203375695135","42","42","59"
"Short-term grouped nested CV","Short-term loading","2","MLP","5","14","14","Standard","None","{""activation"":""tanh"",""alpha"":0.1,""hidden_layer_sizes"":[10]}","0.4130334846629232","42","42","59"
"Short-term grouped nested CV","Short-term loading","2","RF","1","15","15","Not applicable","None","{""max_depth"":null,""max_features"":0.7,""min_samples_leaf"":1,""n_estimators"":300}","0.5482029582470307","42","42","59"
"Short-term grouped nested CV","Short-term loading","2","RF","2","15","15","Not applicable","None","{""max_depth"":10,""max_features"":1.0,""min_samples_leaf"":1,""n_estimators"":300}","0.8206421747310891","42","42","59"
"Short-term grouped nested CV","Short-term loading","2","RF","3","14","14","Not applicable","None","{""max_depth"":null,""max_features"":0.7,""min_samples_leaf"":1,""n_estimators"":300}","0.8223925391841446","42","42","59"
"Short-term grouped nested CV","Short-term loading","2","RF","4","14","14","Not applicable","None","{""max_depth"":10,""max_features"":1.0,""min_samples_leaf"":1,""n_estimators"":300}","0.7289924895418475","42","42","59"
"Short-term grouped nested CV","Short-term loading","2","RF","5","14","14","Not applicable","None","{""max_depth"":10,""max_features"":1.0,""min_samples_leaf"":1,""n_estimators"":300}","0.8615855205348995","42","42","59"
"Short-term grouped nested CV","Short-term loading","2","SVM","1","15","15","Standard","None","{""C"":0.3,""epsilon"":0.03,""gamma"":""scale"",""kernel"":""linear""}","0.5129931921754589","42","42","59"
"Short-term grouped nested CV","Short-term loading","2","SVM","2","15","15","Standard","None","{""C"":0.3,""epsilon"":0.03,""gamma"":""scale"",""kernel"":""linear""}","0.5038719474281766","42","42","59"
"Short-term grouped nested CV","Short-term loading","2","SVM","3","14","14","Standard","None","{""C"":1,""epsilon"":0.03,""gamma"":""scale"",""kernel"":""linear""}","0.5020503505747405","42","42","59"
"Short-term grouped nested CV","Short-term loading","2","SVM","4","14","14","Standard","None","{""C"":3,""epsilon"":0.01,""gamma"":""scale"",""kernel"":""linear""}","0.5317025241190205","42","42","59"
"Short-term grouped nested CV","Short-term loading","2","SVM","5","14","14","Standard","None","{""C"":1,""epsilon"":0.03,""gamma"":""scale"",""kernel"":""linear""}","0.4589681342548607","42","42","59"
"Short-term grouped nested CV","Short-term loading","2","XGBoost","1","15","15","Not applicable","None","{""colsample_bytree"":0.8,""learning_rate"":0.05,""max_depth"":3,""min_child_weight"":1,""n_estimators"":300,""reg_lambda"":5,""subsample"":0.8}","0.6469688411316642","42","42","59"
"Short-term grouped nested CV","Short-term loading","2","XGBoost","2","15","15","Not applicable","None","{""colsample_bytree"":0.8,""learning_rate"":0.05,""max_depth"":3,""min_child_weight"":1,""n_estimators"":300,""reg_lambda"":5,""subsample"":0.8}","0.6596133589114852","42","42","59"
"Short-term grouped nested CV","Short-term loading","2","XGBoost","3","14","14","Not applicable","None","{""colsample_bytree"":0.8,""learning_rate"":0.05,""max_depth"":3,""min_child_weight"":1,""n_estimators"":300,""reg_lambda"":5,""subsample"":0.8}","0.8086414936354756","42","42","59"
"Short-term grouped nested CV","Short-term loading","2","XGBoost","4","14","14","Not applicable","None","{""colsample_bytree"":0.8,""learning_rate"":0.05,""max_depth"":3,""min_child_weight"":1,""n_estimators"":300,""reg_lambda"":5,""subsample"":0.8}","0.8845571880861071","42","42","59"
"Short-term grouped nested CV","Short-term loading","2","XGBoost","5","14","14","Not applicable","None","{""colsample_bytree"":0.8,""learning_rate"":0.05,""max_depth"":3,""min_child_weight"":1,""n_estimators"":300,""reg_lambda"":5,""subsample"":0.8}","0.9453854394248271","42","42","59"
"Short-term grouped nested CV","Short-term loading","3","DT","1","19","19","Not applicable","None","{""criterion"":""squared_error"",""max_depth"":5,""min_samples_leaf"":2,""min_samples_split"":5}","2.344755031428104","42","42","59"
"Short-term grouped nested CV","Short-term loading","3","DT","2","19","18","Not applicable","None","{""criterion"":""squared_error"",""max_depth"":8,""min_samples_leaf"":1,""min_samples_split"":2}","1.4323560435926672","42","42","59"
"Short-term grouped nested CV","Short-term loading","3","DT","3","18","18","Not applicable","None","{""criterion"":""squared_error"",""max_depth"":5,""min_samples_leaf"":1,""min_samples_split"":2}","2.450206752062748","42","42","59"
"Short-term grouped nested CV","Short-term loading","3","DT","4","18","18","Not applicable","None","{""criterion"":""squared_error"",""max_depth"":8,""min_samples_leaf"":1,""min_samples_split"":2}","2.6362073213417583","42","42","59"
"Short-term grouped nested CV","Short-term loading","3","DT","5","18","18","Not applicable","None","{""criterion"":""squared_error"",""max_depth"":5,""min_samples_leaf"":1,""min_samples_split"":2}","1.9233012306105846","42","42","59"
"Short-term grouped nested CV","Short-term loading","3","MLP","1","19","19","Robust","None","{""activation"":""tanh"",""alpha"":0.1,""hidden_layer_sizes"":[10]}","1.4429590933175247","42","42","59"
"Short-term grouped nested CV","Short-term loading","3","MLP","2","19","18","Standard","None","{""activation"":""tanh"",""alpha"":0.1,""hidden_layer_sizes"":[10]}","0.6539041902983154","42","42","59"
"Short-term grouped nested CV","Short-term loading","3","MLP","3","18","18","Standard","None","{""activation"":""tanh"",""alpha"":0.1,""hidden_layer_sizes"":[10]}","1.5869440010349685","42","42","59"
"Short-term grouped nested CV","Short-term loading","3","MLP","4","18","18","Standard","None","{""activation"":""tanh"",""alpha"":0.1,""hidden_layer_sizes"":[10]}","1.5401939227509716","42","42","59"
"Short-term grouped nested CV","Short-term loading","3","MLP","5","18","18","Standard","None","{""activation"":""tanh"",""alpha"":1.0,""hidden_layer_sizes"":[20]}","1.5632041916730781","42","42","59"
"Short-term grouped nested CV","Short-term loading","3","RF","1","19","19","Not applicable","None","{""max_depth"":10,""max_features"":1.0,""min_samples_leaf"":1,""n_estimators"":300}","1.522989595837011","42","42","59"
"Short-term grouped nested CV","Short-term loading","3","RF","2","19","18","Not applicable","None","{""max_depth"":10,""max_features"":1.0,""min_samples_leaf"":1,""n_estimators"":300}","1.127740162301671","42","42","59"
"Short-term grouped nested CV","Short-term loading","3","RF","3","18","18","Not applicable","None","{""max_depth"":10,""max_features"":1.0,""min_samples_leaf"":1,""n_estimators"":300}","1.7208632019476056","42","42","59"
"Short-term grouped nested CV","Short-term loading","3","RF","4","18","18","Not applicable","None","{""max_depth"":10,""max_features"":1.0,""min_samples_leaf"":1,""n_estimators"":300}","1.8390542842935262","42","42","59"
"Short-term grouped nested CV","Short-term loading","3","RF","5","18","18","Not applicable","None","{""max_depth"":10,""max_features"":1.0,""min_samples_leaf"":1,""n_estimators"":300}","1.5734007048931626","42","42","59"
"Short-term grouped nested CV","Short-term loading","3","SVM","1","19","19","Standard","None","{""C"":0.3,""epsilon"":0.03,""gamma"":""scale"",""kernel"":""linear""}","1.354523972079969","42","42","59"
"Short-term grouped nested CV","Short-term loading","3","SVM","2","19","18","Standard","None","{""C"":1,""epsilon"":0.03,""gamma"":""scale"",""kernel"":""linear""}","0.7094804973383276","42","42","59"
"Short-term grouped nested CV","Short-term loading","3","SVM","3","18","18","Standard","None","{""C"":3,""epsilon"":0.01,""gamma"":""scale"",""kernel"":""linear""}","1.325484678310535","42","42","59"
"Short-term grouped nested CV","Short-term loading","3","SVM","4","18","18","Standard","None","{""C"":0.3,""epsilon"":0.03,""gamma"":""scale"",""kernel"":""linear""}","1.2754145928797422","42","42","59"
"Short-term grouped nested CV","Short-term loading","3","SVM","5","18","18","Robust","None","{""C"":3,""epsilon"":0.03,""gamma"":""scale"",""kernel"":""linear""}","1.2379189670528725","42","42","59"
"Short-term grouped nested CV","Short-term loading","3","XGBoost","1","19","19","Not applicable","None","{""colsample_bytree"":1.0,""learning_rate"":0.1,""max_depth"":4,""min_child_weight"":1,""n_estimators"":100,""reg_lambda"":5,""subsample"":0.8}","1.7520368614574215","42","42","59"
"Short-term grouped nested CV","Short-term loading","3","XGBoost","2","19","18","Not applicable","None","{""colsample_bytree"":1.0,""learning_rate"":0.1,""max_depth"":3,""min_child_weight"":3,""n_estimators"":200,""reg_lambda"":10,""subsample"":0.8}","1.185024117205751","42","42","59"
"Short-term grouped nested CV","Short-term loading","3","XGBoost","3","18","18","Not applicable","None","{""colsample_bytree"":1.0,""learning_rate"":0.05,""max_depth"":2,""min_child_weight"":3,""n_estimators"":300,""reg_lambda"":10,""subsample"":0.8}","1.974692197923874","42","42","59"
"Short-term grouped nested CV","Short-term loading","3","XGBoost","4","18","18","Not applicable","None","{""colsample_bytree"":1.0,""learning_rate"":0.1,""max_depth"":4,""min_child_weight"":1,""n_estimators"":100,""reg_lambda"":5,""subsample"":0.8}","1.8711045654918685","42","42","59"
"Short-term grouped nested CV","Short-term loading","3","XGBoost","5","18","18","Not applicable","None","{""colsample_bytree"":1.0,""learning_rate"":0.1,""max_depth"":4,""min_child_weight"":1,""n_estimators"":100,""reg_lambda"":5,""subsample"":0.8}","1.6566647225617548","42","42","59"
"Short-term grouped nested CV","Short-term loading","4","DT","1","18","17","Not applicable","None","{""criterion"":""absolute_error"",""max_depth"":5,""min_samples_leaf"":3,""min_samples_split"":8}","2.0091976010338057","42","42","59"
"Short-term grouped nested CV","Short-term loading","4","DT","2","16","16","Not applicable","None","{""criterion"":""squared_error"",""max_depth"":8,""min_samples_leaf"":1,""min_samples_split"":2}","2.0345855748870485","42","42","59"
"Short-term grouped nested CV","Short-term loading","4","DT","3","16","16","Not applicable","None","{""criterion"":""absolute_error"",""max_depth"":5,""min_samples_leaf"":3,""min_samples_split"":8}","2.589557431745373","42","42","59"
"Short-term grouped nested CV","Short-term loading","4","DT","4","16","16","Not applicable","None","{""criterion"":""squared_error"",""max_depth"":5,""min_samples_leaf"":2,""min_samples_split"":5}","2.4428921839127944","42","42","59"
"Short-term grouped nested CV","Short-term loading","4","DT","5","16","16","Not applicable","None","{""criterion"":""squared_error"",""max_depth"":5,""min_samples_leaf"":2,""min_samples_split"":5}","2.2421594158653946","42","42","59"
"Short-term grouped nested CV","Short-term loading","4","MLP","1","18","17","Standard","None","{""activation"":""tanh"",""alpha"":0.1,""hidden_layer_sizes"":[10]}","1.3241109424305537","42","42","59"
"Short-term grouped nested CV","Short-term loading","4","MLP","2","16","16","Standard","None","{""activation"":""relu"",""alpha"":1.0,""hidden_layer_sizes"":[20]}","0.9815839343966004","42","42","59"
"Short-term grouped nested CV","Short-term loading","4","MLP","3","16","16","Standard","None","{""activation"":""relu"",""alpha"":0.1,""hidden_layer_sizes"":[10]}","0.594024227421608","42","42","59"
"Short-term grouped nested CV","Short-term loading","4","MLP","4","16","16","Standard","None","{""activation"":""tanh"",""alpha"":0.1,""hidden_layer_sizes"":[10,5]}","0.6313583159288485","42","42","59"
"Short-term grouped nested CV","Short-term loading","4","MLP","5","16","16","Robust","None","{""activation"":""tanh"",""alpha"":0.01,""hidden_layer_sizes"":[5]}","0.8942031789675872","42","42","59"
"Short-term grouped nested CV","Short-term loading","4","RF","1","18","17","Not applicable","None","{""max_depth"":10,""max_features"":1.0,""min_samples_leaf"":1,""n_estimators"":300}","1.0881188788199796","42","42","59"
"Short-term grouped nested CV","Short-term loading","4","RF","2","16","16","Not applicable","None","{""max_depth"":10,""max_features"":1.0,""min_samples_leaf"":1,""n_estimators"":300}","1.7294763024595692","42","42","59"
"Short-term grouped nested CV","Short-term loading","4","RF","3","16","16","Not applicable","None","{""max_depth"":5,""max_features"":0.7,""min_samples_leaf"":1,""n_estimators"":300}","1.489724515497839","42","42","59"
"Short-term grouped nested CV","Short-term loading","4","RF","4","16","16","Not applicable","None","{""max_depth"":null,""max_features"":0.7,""min_samples_leaf"":1,""n_estimators"":300}","1.4662123544616823","42","42","59"
"Short-term grouped nested CV","Short-term loading","4","RF","5","16","16","Not applicable","None","{""max_depth"":null,""max_features"":0.7,""min_samples_leaf"":1,""n_estimators"":300}","1.6724277184692535","42","42","59"
"Short-term grouped nested CV","Short-term loading","4","SVM","1","18","17","Standard","None","{""C"":10,""epsilon"":0.01,""gamma"":0.03,""kernel"":""rbf""}","0.6304908203905875","42","42","59"
"Short-term grouped nested CV","Short-term loading","4","SVM","2","16","16","Standard","None","{""C"":0.3,""epsilon"":0.03,""gamma"":""scale"",""kernel"":""linear""}","1.0559922882301287","42","42","59"
"Short-term grouped nested CV","Short-term loading","4","SVM","3","16","16","Standard","None","{""C"":10,""epsilon"":0.01,""gamma"":0.03,""kernel"":""rbf""}","0.7359273774429996","42","42","59"
"Short-term grouped nested CV","Short-term loading","4","SVM","4","16","16","Standard","None","{""C"":10,""epsilon"":0.01,""gamma"":0.03,""kernel"":""rbf""}","0.7441922006669593","42","42","59"
"Short-term grouped nested CV","Short-term loading","4","SVM","5","16","16","Standard","None","{""C"":10,""epsilon"":0.01,""gamma"":0.03,""kernel"":""rbf""}","0.5671165740107531","42","42","59"
"Short-term grouped nested CV","Short-term loading","4","XGBoost","1","18","17","Not applicable","None","{""colsample_bytree"":0.8,""learning_rate"":0.05,""max_depth"":4,""min_child_weight"":5,""n_estimators"":300,""reg_lambda"":10,""subsample"":1.0}","1.1694212613008705","42","42","59"
"Short-term grouped nested CV","Short-term loading","4","XGBoost","2","16","16","Not applicable","None","{""colsample_bytree"":0.8,""learning_rate"":0.05,""max_depth"":3,""min_child_weight"":1,""n_estimators"":300,""reg_lambda"":5,""subsample"":0.8}","1.8711861726969274","42","42","59"
"Short-term grouped nested CV","Short-term loading","4","XGBoost","3","16","16","Not applicable","None","{""colsample_bytree"":0.8,""learning_rate"":0.05,""max_depth"":3,""min_child_weight"":1,""n_estimators"":300,""reg_lambda"":5,""subsample"":0.8}","1.7843221741653514","42","42","59"
"Short-term grouped nested CV","Short-term loading","4","XGBoost","4","16","16","Not applicable","None","{""colsample_bytree"":0.8,""learning_rate"":0.05,""max_depth"":3,""min_child_weight"":1,""n_estimators"":300,""reg_lambda"":5,""subsample"":0.8}","1.52547120375137","42","42","59"
"Short-term grouped nested CV","Short-term loading","4","XGBoost","5","16","16","Not applicable","None","{""colsample_bytree"":0.8,""learning_rate"":0.05,""max_depth"":4,""min_child_weight"":5,""n_estimators"":300,""reg_lambda"":10,""subsample"":1.0}","2.1004311087998557","42","42","59"
"Short-term grouped nested CV","Short-term loading","5","DT","1","15","15","Not applicable","None","{""criterion"":""squared_error"",""max_depth"":5,""min_samples_leaf"":1,""min_samples_split"":2}","1.5509052251971622","42","42","59"
"Short-term grouped nested CV","Short-term loading","5","DT","2","15","15","Not applicable","None","{""criterion"":""squared_error"",""max_depth"":5,""min_samples_leaf"":1,""min_samples_split"":2}","1.3102330045895614","42","42","59"
"Short-term grouped nested CV","Short-term loading","5","DT","3","14","14","Not applicable","None","{""criterion"":""squared_error"",""max_depth"":5,""min_samples_leaf"":2,""min_samples_split"":5}","1.2410088514384814","42","42","59"
"Short-term grouped nested CV","Short-term loading","5","DT","4","14","14","Not applicable","None","{""criterion"":""squared_error"",""max_depth"":8,""min_samples_leaf"":1,""min_samples_split"":2}","1.8864763723535674","42","42","59"
"Short-term grouped nested CV","Short-term loading","5","DT","5","15","14","Not applicable","None","{""criterion"":""squared_error"",""max_depth"":8,""min_samples_leaf"":1,""min_samples_split"":2}","1.6029068422174715","42","42","59"
"Short-term grouped nested CV","Short-term loading","5","MLP","1","15","15","Standard","None","{""activation"":""tanh"",""alpha"":0.1,""hidden_layer_sizes"":[10,5]}","0.6851969713909821","42","42","59"
"Short-term grouped nested CV","Short-term loading","5","MLP","2","15","15","Standard","None","{""activation"":""tanh"",""alpha"":0.01,""hidden_layer_sizes"":[5]}","0.47125786934131014","42","42","59"
"Short-term grouped nested CV","Short-term loading","5","MLP","3","14","14","Standard","None","{""activation"":""tanh"",""alpha"":0.1,""hidden_layer_sizes"":[10,5]}","0.5889470617080225","42","42","59"
"Short-term grouped nested CV","Short-term loading","5","MLP","4","14","14","Standard","None","{""activation"":""tanh"",""alpha"":0.1,""hidden_layer_sizes"":[10,5]}","0.7488832824261766","42","42","59"
"Short-term grouped nested CV","Short-term loading","5","MLP","5","15","14","Standard","None","{""activation"":""tanh"",""alpha"":0.1,""hidden_layer_sizes"":[10,5]}","0.6285322250096773","42","42","59"
"Short-term grouped nested CV","Short-term loading","5","RF","1","15","15","Not applicable","None","{""max_depth"":10,""max_features"":1.0,""min_samples_leaf"":1,""n_estimators"":300}","1.0785347545914283","42","42","59"
"Short-term grouped nested CV","Short-term loading","5","RF","2","15","15","Not applicable","None","{""max_depth"":null,""max_features"":0.7,""min_samples_leaf"":1,""n_estimators"":300}","1.104145608538023","42","42","59"
"Short-term grouped nested CV","Short-term loading","5","RF","3","14","14","Not applicable","None","{""max_depth"":5,""max_features"":0.7,""min_samples_leaf"":1,""n_estimators"":300}","0.9048376225641842","42","42","59"
"Short-term grouped nested CV","Short-term loading","5","RF","4","14","14","Not applicable","None","{""max_depth"":5,""max_features"":""sqrt"",""min_samples_leaf"":1,""n_estimators"":150}","1.1961320784658","42","42","59"
"Short-term grouped nested CV","Short-term loading","5","RF","5","15","14","Not applicable","None","{""max_depth"":5,""max_features"":0.7,""min_samples_leaf"":1,""n_estimators"":300}","0.7620054997561454","42","42","59"
"Short-term grouped nested CV","Short-term loading","5","SVM","1","15","15","Standard","None","{""C"":0.3,""epsilon"":0.03,""gamma"":""scale"",""kernel"":""linear""}","0.7385345513058951","42","42","59"
"Short-term grouped nested CV","Short-term loading","5","SVM","2","15","15","Standard","None","{""C"":1,""epsilon"":0.03,""gamma"":""scale"",""kernel"":""linear""}","0.7129165988963977","42","42","59"
"Short-term grouped nested CV","Short-term loading","5","SVM","3","14","14","Standard","None","{""C"":3,""epsilon"":0.01,""gamma"":""scale"",""kernel"":""linear""}","0.4916525952953071","42","42","59"
"Short-term grouped nested CV","Short-term loading","5","SVM","4","14","14","Standard","None","{""C"":3,""epsilon"":0.01,""gamma"":""scale"",""kernel"":""linear""}","0.6990109486246298","42","42","59"
"Short-term grouped nested CV","Short-term loading","5","SVM","5","15","14","Standard","None","{""C"":3,""epsilon"":0.01,""gamma"":""scale"",""kernel"":""linear""}","0.6018243094046402","42","42","59"
"Short-term grouped nested CV","Short-term loading","5","XGBoost","1","15","15","Not applicable","None","{""colsample_bytree"":0.8,""learning_rate"":0.05,""max_depth"":3,""min_child_weight"":1,""n_estimators"":300,""reg_lambda"":5,""subsample"":0.8}","1.1984405703594192","42","42","59"
"Short-term grouped nested CV","Short-term loading","5","XGBoost","2","15","15","Not applicable","None","{""colsample_bytree"":0.8,""learning_rate"":0.05,""max_depth"":3,""min_child_weight"":1,""n_estimators"":300,""reg_lambda"":5,""subsample"":0.8}","1.4066816764113448","42","42","59"
"Short-term grouped nested CV","Short-term loading","5","XGBoost","3","14","14","Not applicable","None","{""colsample_bytree"":0.8,""learning_rate"":0.05,""max_depth"":3,""min_child_weight"":1,""n_estimators"":300,""reg_lambda"":5,""subsample"":0.8}","0.8596810670418324","42","42","59"
"Short-term grouped nested CV","Short-term loading","5","XGBoost","4","14","14","Not applicable","None","{""colsample_bytree"":1.0,""learning_rate"":0.1,""max_depth"":4,""min_child_weight"":1,""n_estimators"":100,""reg_lambda"":5,""subsample"":0.8}","1.300208920748059","42","42","59"
"Short-term grouped nested CV","Short-term loading","5","XGBoost","5","15","14","Not applicable","None","{""colsample_bytree"":0.8,""learning_rate"":0.05,""max_depth"":3,""min_child_weight"":1,""n_estimators"":300,""reg_lambda"":5,""subsample"":0.8}","1.1382565147703254","42","42","59"
"Short-term grouped nested CV","Short-term loading","6","DT","1","18","17","Not applicable","None","{""criterion"":""squared_error"",""max_depth"":5,""min_samples_leaf"":1,""min_samples_split"":2}","1.4310532869537074","42","42","59"
"Short-term grouped nested CV","Short-term loading","6","DT","2","17","17","Not applicable","None","{""criterion"":""squared_error"",""max_depth"":8,""min_samples_leaf"":1,""min_samples_split"":2}","2.101550654044568","42","42","59"
"Short-term grouped nested CV","Short-term loading","6","DT","3","17","17","Not applicable","None","{""criterion"":""squared_error"",""max_depth"":8,""min_samples_leaf"":1,""min_samples_split"":2}","1.566747257759518","42","42","59"
"Short-term grouped nested CV","Short-term loading","6","DT","4","16","16","Not applicable","None","{""criterion"":""squared_error"",""max_depth"":8,""min_samples_leaf"":1,""min_samples_split"":2}","2.0587635761996976","42","42","59"
"Short-term grouped nested CV","Short-term loading","6","DT","5","16","16","Not applicable","None","{""criterion"":""squared_error"",""max_depth"":5,""min_samples_leaf"":2,""min_samples_split"":5}","1.8586074469319886","42","42","59"
"Short-term grouped nested CV","Short-term loading","6","MLP","1","18","17","Standard","None","{""activation"":""tanh"",""alpha"":0.1,""hidden_layer_sizes"":[10,5]}","0.7905202850514965","42","42","59"
"Short-term grouped nested CV","Short-term loading","6","MLP","2","17","17","Standard","None","{""activation"":""tanh"",""alpha"":0.1,""hidden_layer_sizes"":[10,5]}","0.745439867038719","42","42","59"
"Short-term grouped nested CV","Short-term loading","6","MLP","3","17","17","Standard","None","{""activation"":""tanh"",""alpha"":0.1,""hidden_layer_sizes"":[10,5]}","0.6306973281660313","42","42","59"
"Short-term grouped nested CV","Short-term loading","6","MLP","4","16","16","Standard","None","{""activation"":""tanh"",""alpha"":0.1,""hidden_layer_sizes"":[10,5]}","0.6066419454586763","42","42","59"
"Short-term grouped nested CV","Short-term loading","6","MLP","5","16","16","Standard","None","{""activation"":""tanh"",""alpha"":0.1,""hidden_layer_sizes"":[10,5]}","0.533509109553636","42","42","59"
"Short-term grouped nested CV","Short-term loading","6","RF","1","18","17","Not applicable","None","{""max_depth"":5,""max_features"":0.7,""min_samples_leaf"":1,""n_estimators"":300}","1.5580032106079353","42","42","59"
"Short-term grouped nested CV","Short-term loading","6","RF","2","17","17","Not applicable","None","{""max_depth"":5,""max_features"":0.7,""min_samples_leaf"":1,""n_estimators"":300}","2.0366358563638225","42","42","59"
"Short-term grouped nested CV","Short-term loading","6","RF","3","17","17","Not applicable","None","{""max_depth"":10,""max_features"":0.7,""min_samples_leaf"":2,""n_estimators"":300}","2.0779071201985997","42","42","59"
"Short-term grouped nested CV","Short-term loading","6","RF","4","16","16","Not applicable","None","{""max_depth"":10,""max_features"":0.7,""min_samples_leaf"":2,""n_estimators"":300}","1.6875640896816908","42","42","59"
"Short-term grouped nested CV","Short-term loading","6","RF","5","16","16","Not applicable","None","{""max_depth"":10,""max_features"":1.0,""min_samples_leaf"":1,""n_estimators"":300}","1.7634410513610095","42","42","59"
"Short-term grouped nested CV","Short-term loading","6","SVM","1","18","17","Standard","None","{""C"":10,""epsilon"":0.01,""gamma"":0.03,""kernel"":""rbf""}","1.4158398576080413","42","42","59"
"Short-term grouped nested CV","Short-term loading","6","SVM","2","17","17","Robust","None","{""C"":3,""epsilon"":0.03,""gamma"":""scale"",""kernel"":""rbf""}","1.5989738658747064","42","42","59"
"Short-term grouped nested CV","Short-term loading","6","SVM","3","17","17","Robust","None","{""C"":10,""epsilon"":0.01,""gamma"":0.03,""kernel"":""rbf""}","1.3568250196807305","42","42","59"
"Short-term grouped nested CV","Short-term loading","6","SVM","4","16","16","Robust","None","{""C"":3,""epsilon"":0.03,""gamma"":""scale"",""kernel"":""rbf""}","1.36815836833429","42","42","59"
"Short-term grouped nested CV","Short-term loading","6","SVM","5","16","16","Robust","None","{""C"":3,""epsilon"":0.03,""gamma"":""scale"",""kernel"":""rbf""}","1.3161711940170007","42","42","59"
"Short-term grouped nested CV","Short-term loading","6","XGBoost","1","18","17","Not applicable","None","{""colsample_bytree"":0.8,""learning_rate"":0.05,""max_depth"":2,""min_child_weight"":1,""n_estimators"":200,""reg_lambda"":5,""subsample"":0.8}","1.490849483023943","42","42","59"
"Short-term grouped nested CV","Short-term loading","6","XGBoost","2","17","17","Not applicable","None","{""colsample_bytree"":1.0,""learning_rate"":0.1,""max_depth"":3,""min_child_weight"":3,""n_estimators"":200,""reg_lambda"":10,""subsample"":0.8}","1.9573304912167337","42","42","59"
"Short-term grouped nested CV","Short-term loading","6","XGBoost","3","17","17","Not applicable","None","{""colsample_bytree"":0.8,""learning_rate"":0.05,""max_depth"":3,""min_child_weight"":1,""n_estimators"":300,""reg_lambda"":5,""subsample"":0.8}","1.8579369124721947","42","42","59"
"Short-term grouped nested CV","Short-term loading","6","XGBoost","4","16","16","Not applicable","None","{""colsample_bytree"":0.8,""learning_rate"":0.05,""max_depth"":2,""min_child_weight"":1,""n_estimators"":200,""reg_lambda"":5,""subsample"":0.8}","1.2181867312216466","42","42","59"
"Short-term grouped nested CV","Short-term loading","6","XGBoost","5","16","16","Not applicable","None","{""colsample_bytree"":0.8,""learning_rate"":0.05,""max_depth"":3,""min_child_weight"":1,""n_estimators"":300,""reg_lambda"":5,""subsample"":0.8}","1.302398111288056","42","42","59"
"Randomized date-group nested CV","Long-term monitoring","1","DT","1","9","3","Not applicable","None","{""criterion"":""absolute_error"",""max_depth"":5,""min_samples_leaf"":3,""min_samples_split"":8}","1.5894181325252337","42","142","159"
"Randomized date-group nested CV","Long-term monitoring","1","DT","2","6","2","Not applicable","None","{""criterion"":""absolute_error"",""max_depth"":null,""min_samples_leaf"":5,""min_samples_split"":8}","0.6064468466220081","42","142","159"
"Randomized date-group nested CV","Long-term monitoring","1","DT","3","6","2","Not applicable","None","{""criterion"":""absolute_error"",""max_depth"":5,""min_samples_leaf"":3,""min_samples_split"":8}","0.7495883644036794","42","142","159"
"Randomized date-group nested CV","Long-term monitoring","1","DT","4","6","2","Not applicable","None","{""criterion"":""absolute_error"",""max_depth"":null,""min_samples_leaf"":5,""min_samples_split"":8}","0.7178285155786013","42","142","159"
"Randomized date-group nested CV","Long-term monitoring","1","DT","5","6","2","Not applicable","None","{""criterion"":""squared_error"",""max_depth"":5,""min_samples_leaf"":1,""min_samples_split"":2}","0.402768199119819","42","142","159"
"Randomized date-group nested CV","Long-term monitoring","1","MLP","1","9","3","Standard","None","{""activation"":""tanh"",""alpha"":0.1,""hidden_layer_sizes"":[10]}","0.8400038786141344","42","142","159"
"Randomized date-group nested CV","Long-term monitoring","1","MLP","2","6","2","Standard","None","{""activation"":""tanh"",""alpha"":0.1,""hidden_layer_sizes"":[10,5]}","0.9568215383492716","42","142","159"
"Randomized date-group nested CV","Long-term monitoring","1","MLP","3","6","2","Standard","None","{""activation"":""tanh"",""alpha"":0.01,""hidden_layer_sizes"":[5]}","0.7006013712088068","42","142","159"
"Randomized date-group nested CV","Long-term monitoring","1","MLP","4","6","2","Standard","None","{""activation"":""tanh"",""alpha"":0.01,""hidden_layer_sizes"":[5]}","0.6676913533983327","42","142","159"
"Randomized date-group nested CV","Long-term monitoring","1","MLP","5","6","2","Standard","None","{""activation"":""tanh"",""alpha"":0.1,""hidden_layer_sizes"":[10,5]}","0.42191218253697516","42","142","159"
"Randomized date-group nested CV","Long-term monitoring","1","RF","1","9","3","Not applicable","None","{""max_depth"":5,""max_features"":""sqrt"",""min_samples_leaf"":4,""n_estimators"":150}","0.9842222897260039","42","142","159"
"Randomized date-group nested CV","Long-term monitoring","1","RF","2","6","2","Not applicable","None","{""max_depth"":5,""max_features"":""sqrt"",""min_samples_leaf"":4,""n_estimators"":150}","0.6619220333341792","42","142","159"
"Randomized date-group nested CV","Long-term monitoring","1","RF","3","6","2","Not applicable","None","{""max_depth"":null,""max_features"":1.0,""min_samples_leaf"":2,""n_estimators"":300}","0.7157568623267438","42","142","159"
"Randomized date-group nested CV","Long-term monitoring","1","RF","4","6","2","Not applicable","None","{""max_depth"":5,""max_features"":""sqrt"",""min_samples_leaf"":1,""n_estimators"":150}","0.7447031575513389","42","142","159"
"Randomized date-group nested CV","Long-term monitoring","1","RF","5","6","2","Not applicable","None","{""max_depth"":10,""max_features"":""sqrt"",""min_samples_leaf"":2,""n_estimators"":150}","0.29537189333874125","42","142","159"
"Randomized date-group nested CV","Long-term monitoring","1","SVM","1","9","3","Robust","None","{""C"":10,""epsilon"":0.01,""gamma"":0.03,""kernel"":""rbf""}","1.0057777287139436","42","142","159"
"Randomized date-group nested CV","Long-term monitoring","1","SVM","2","6","2","Standard","None","{""C"":1,""epsilon"":0.03,""gamma"":""scale"",""kernel"":""rbf""}","0.6291035883793926","42","142","159"
"Randomized date-group nested CV","Long-term monitoring","1","SVM","3","6","2","Standard","None","{""C"":1,""epsilon"":0.03,""gamma"":""scale"",""kernel"":""rbf""}","0.624156235388947","42","142","159"
"Randomized date-group nested CV","Long-term monitoring","1","SVM","4","6","2","Standard","None","{""C"":1,""epsilon"":0.03,""gamma"":""scale"",""kernel"":""rbf""}","0.5963993198307035","42","142","159"
"Randomized date-group nested CV","Long-term monitoring","1","SVM","5","6","2","Standard","None","{""C"":10,""epsilon"":0.01,""gamma"":0.03,""kernel"":""rbf""}","0.24159661499509474","42","142","159"
"Randomized date-group nested CV","Long-term monitoring","1","XGBoost","1","9","3","Not applicable","None","{""colsample_bytree"":1.0,""learning_rate"":0.1,""max_depth"":4,""min_child_weight"":1,""n_estimators"":100,""reg_lambda"":5,""subsample"":0.8}","0.8840137553859505","42","142","159"
"Randomized date-group nested CV","Long-term monitoring","1","XGBoost","2","6","2","Not applicable","None","{""colsample_bytree"":0.8,""learning_rate"":0.03,""max_depth"":4,""min_child_weight"":3,""n_estimators"":200,""reg_lambda"":5,""subsample"":0.8}","0.7111021867284616","42","142","159"
"Randomized date-group nested CV","Long-term monitoring","1","XGBoost","3","6","2","Not applicable","None","{""colsample_bytree"":0.8,""learning_rate"":0.03,""max_depth"":4,""min_child_weight"":3,""n_estimators"":200,""reg_lambda"":5,""subsample"":0.8}","0.76076872146051","42","142","159"
"Randomized date-group nested CV","Long-term monitoring","1","XGBoost","4","6","2","Not applicable","None","{""colsample_bytree"":1.0,""learning_rate"":0.03,""max_depth"":3,""min_child_weight"":5,""n_estimators"":300,""reg_lambda"":10,""subsample"":1.0}","0.7845740490471966","42","142","159"
"Randomized date-group nested CV","Long-term monitoring","1","XGBoost","5","6","2","Not applicable","None","{""colsample_bytree"":0.8,""learning_rate"":0.05,""max_depth"":4,""min_child_weight"":5,""n_estimators"":300,""reg_lambda"":10,""subsample"":1.0}","0.26817012673678575","42","142","159"
"Randomized date-group nested CV","Long-term monitoring","2","DT","1","9","3","Not applicable","None","{""criterion"":""absolute_error"",""max_depth"":null,""min_samples_leaf"":5,""min_samples_split"":8}","0.5092887196865833","42","142","159"
"Randomized date-group nested CV","Long-term monitoring","2","DT","2","6","2","Not applicable","None","{""criterion"":""squared_error"",""max_depth"":3,""min_samples_leaf"":1,""min_samples_split"":2}","0.6446359868604574","42","142","159"
"Randomized date-group nested CV","Long-term monitoring","2","DT","3","6","2","Not applicable","None","{""criterion"":""absolute_error"",""max_depth"":5,""min_samples_leaf"":3,""min_samples_split"":8}","0.9267625849638568","42","142","159"
"Randomized date-group nested CV","Long-term monitoring","2","DT","4","6","2","Not applicable","None","{""criterion"":""squared_error"",""max_depth"":5,""min_samples_leaf"":1,""min_samples_split"":2}","0.630696264280817","42","142","159"
"Randomized date-group nested CV","Long-term monitoring","2","DT","5","6","2","Not applicable","None","{""criterion"":""absolute_error"",""max_depth"":null,""min_samples_leaf"":5,""min_samples_split"":8}","0.09428090415820559","42","142","159"
"Randomized date-group nested CV","Long-term monitoring","2","MLP","1","9","3","Robust","None","{""activation"":""tanh"",""alpha"":0.1,""hidden_layer_sizes"":[10]}","0.48126859247870996","42","142","159"
"Randomized date-group nested CV","Long-term monitoring","2","MLP","2","6","2","Standard","None","{""activation"":""tanh"",""alpha"":0.01,""hidden_layer_sizes"":[5]}","0.6245985428008844","42","142","159"
"Randomized date-group nested CV","Long-term monitoring","2","MLP","3","6","2","Standard","None","{""activation"":""relu"",""alpha"":1.0,""hidden_layer_sizes"":[20]}","0.6347783219436519","42","142","159"
"Randomized date-group nested CV","Long-term monitoring","2","MLP","4","6","2","Robust","None","{""activation"":""tanh"",""alpha"":0.01,""hidden_layer_sizes"":[5]}","0.6073434149478102","42","142","159"
"Randomized date-group nested CV","Long-term monitoring","2","MLP","5","6","2","Robust","None","{""activation"":""relu"",""alpha"":1.0,""hidden_layer_sizes"":[10,5]}","0.12293203013802102","42","142","159"
"Randomized date-group nested CV","Long-term monitoring","2","RF","1","9","3","Not applicable","None","{""max_depth"":5,""max_features"":""sqrt"",""min_samples_leaf"":1,""n_estimators"":150}","0.5425712162392738","42","142","159"
"Randomized date-group nested CV","Long-term monitoring","2","RF","2","6","2","Not applicable","None","{""max_depth"":10,""max_features"":0.7,""min_samples_leaf"":4,""n_estimators"":300}","0.5422290040645527","42","142","159"
"Randomized date-group nested CV","Long-term monitoring","2","RF","3","6","2","Not applicable","None","{""max_depth"":5,""max_features"":""sqrt"",""min_samples_leaf"":4,""n_estimators"":150}","0.5614098252133238","42","142","159"
"Randomized date-group nested CV","Long-term monitoring","2","RF","4","6","2","Not applicable","None","{""max_depth"":5,""max_features"":""sqrt"",""min_samples_leaf"":4,""n_estimators"":150}","0.5764485852171003","42","142","159"
"Randomized date-group nested CV","Long-term monitoring","2","RF","5","6","2","Not applicable","None","{""max_depth"":null,""max_features"":1.0,""min_samples_leaf"":4,""n_estimators"":300}","0.1034089043687119","42","142","159"
"Randomized date-group nested CV","Long-term monitoring","2","SVM","1","9","3","Standard","None","{""C"":1,""epsilon"":0.03,""gamma"":""scale"",""kernel"":""rbf""}","0.4934720205034211","42","142","159"
"Randomized date-group nested CV","Long-term monitoring","2","SVM","2","6","2","Standard","None","{""C"":1,""epsilon"":0.03,""gamma"":""scale"",""kernel"":""rbf""}","0.4813475609273916","42","142","159"
"Randomized date-group nested CV","Long-term monitoring","2","SVM","3","6","2","Standard","None","{""C"":1,""epsilon"":0.03,""gamma"":""scale"",""kernel"":""rbf""}","0.5616838060770473","42","142","159"
"Randomized date-group nested CV","Long-term monitoring","2","SVM","4","6","2","Standard","None","{""C"":1,""epsilon"":0.03,""gamma"":""scale"",""kernel"":""rbf""}","0.5128794632700489","42","142","159"
"Randomized date-group nested CV","Long-term monitoring","2","SVM","5","6","2","Standard","None","{""C"":30,""epsilon"":0.01,""gamma"":0.1,""kernel"":""rbf""}","0.14287938602669284","42","142","159"
"Randomized date-group nested CV","Long-term monitoring","2","XGBoost","1","9","3","Not applicable","None","{""colsample_bytree"":0.8,""learning_rate"":0.03,""max_depth"":3,""min_child_weight"":3,""n_estimators"":200,""reg_lambda"":5,""subsample"":1.0}","0.49804049849660553","42","142","159"
"Randomized date-group nested CV","Long-term monitoring","2","XGBoost","2","6","2","Not applicable","None","{""colsample_bytree"":1.0,""learning_rate"":0.03,""max_depth"":3,""min_child_weight"":5,""n_estimators"":300,""reg_lambda"":10,""subsample"":1.0}","0.5786686345755636","42","142","159"
"Randomized date-group nested CV","Long-term monitoring","2","XGBoost","3","6","2","Not applicable","None","{""colsample_bytree"":0.8,""learning_rate"":0.03,""max_depth"":4,""min_child_weight"":3,""n_estimators"":200,""reg_lambda"":5,""subsample"":0.8}","0.6920462637990838","42","142","159"
"Randomized date-group nested CV","Long-term monitoring","2","XGBoost","4","6","2","Not applicable","None","{""colsample_bytree"":1.0,""learning_rate"":0.03,""max_depth"":2,""min_child_weight"":1,""n_estimators"":100,""reg_lambda"":1,""subsample"":1.0}","0.6264541293272875","42","142","159"
"Randomized date-group nested CV","Long-term monitoring","2","XGBoost","5","6","2","Not applicable","None","{""colsample_bytree"":0.8,""learning_rate"":0.05,""max_depth"":4,""min_child_weight"":5,""n_estimators"":300,""reg_lambda"":10,""subsample"":1.0}","0.09473737111913039","42","142","159"
"Randomized date-group nested CV","Long-term monitoring","3","DT","1","9","3","Not applicable","None","{""criterion"":""absolute_error"",""max_depth"":null,""min_samples_leaf"":5,""min_samples_split"":8}","0.7648529270389176","42","142","159"
"Randomized date-group nested CV","Long-term monitoring","3","DT","2","6","2","Not applicable","None","{""criterion"":""absolute_error"",""max_depth"":null,""min_samples_leaf"":5,""min_samples_split"":8}","0.8353309390761113","42","142","159"
"Randomized date-group nested CV","Long-term monitoring","3","DT","3","6","2","Not applicable","None","{""criterion"":""absolute_error"",""max_depth"":5,""min_samples_leaf"":3,""min_samples_split"":8}","1.6525886913312853","42","142","159"
"Randomized date-group nested CV","Long-term monitoring","3","DT","4","6","2","Not applicable","None","{""criterion"":""absolute_error"",""max_depth"":null,""min_samples_leaf"":5,""min_samples_split"":8}","0.8108827684675084","42","142","159"
"Randomized date-group nested CV","Long-term monitoring","3","DT","5","6","2","Not applicable","None","{""criterion"":""squared_error"",""max_depth"":5,""min_samples_leaf"":2,""min_samples_split"":5}","0.4229525846816503","42","142","159"
"Randomized date-group nested CV","Long-term monitoring","3","MLP","1","9","3","Robust","None","{""activation"":""tanh"",""alpha"":0.01,""hidden_layer_sizes"":[5]}","1.0182498517059917","42","142","159"
"Randomized date-group nested CV","Long-term monitoring","3","MLP","2","6","2","Robust","None","{""activation"":""relu"",""alpha"":1.0,""hidden_layer_sizes"":[10,5]}","1.2032611251494865","42","142","159"
"Randomized date-group nested CV","Long-term monitoring","3","MLP","3","6","2","Robust","None","{""activation"":""tanh"",""alpha"":0.01,""hidden_layer_sizes"":[5]}","1.2864935805075643","42","142","159"
"Randomized date-group nested CV","Long-term monitoring","3","MLP","4","6","2","Robust","None","{""activation"":""relu"",""alpha"":1.0,""hidden_layer_sizes"":[10,5]}","1.4855482822064028","42","142","159"
"Randomized date-group nested CV","Long-term monitoring","3","MLP","5","6","2","Robust","None","{""activation"":""relu"",""alpha"":1.0,""hidden_layer_sizes"":[10,5]}","0.34955075846692657","42","142","159"
"Randomized date-group nested CV","Long-term monitoring","3","RF","1","9","3","Not applicable","None","{""max_depth"":null,""max_features"":1.0,""min_samples_leaf"":4,""n_estimators"":300}","1.0048189008379238","42","142","159"
"Randomized date-group nested CV","Long-term monitoring","3","RF","2","6","2","Not applicable","None","{""max_depth"":5,""max_features"":""sqrt"",""min_samples_leaf"":4,""n_estimators"":150}","0.9211930747835557","42","142","159"
"Randomized date-group nested CV","Long-term monitoring","3","RF","3","6","2","Not applicable","None","{""max_depth"":5,""max_features"":""sqrt"",""min_samples_leaf"":4,""n_estimators"":150}","1.0605022498257646","42","142","159"
"Randomized date-group nested CV","Long-term monitoring","3","RF","4","6","2","Not applicable","None","{""max_depth"":5,""max_features"":""sqrt"",""min_samples_leaf"":4,""n_estimators"":150}","1.0154094197442363","42","142","159"
"Randomized date-group nested CV","Long-term monitoring","3","RF","5","6","2","Not applicable","None","{""max_depth"":10,""max_features"":0.7,""min_samples_leaf"":4,""n_estimators"":300}","0.39579612520868607","42","142","159"
"Randomized date-group nested CV","Long-term monitoring","3","SVM","1","9","3","Robust","None","{""C"":3,""epsilon"":0.03,""gamma"":""scale"",""kernel"":""rbf""}","1.0066169499356765","42","142","159"
"Randomized date-group nested CV","Long-term monitoring","3","SVM","2","6","2","Robust","None","{""C"":30,""epsilon"":0.1,""gamma"":0.1,""kernel"":""rbf""}","1.1449217691963605","42","142","159"
"Randomized date-group nested CV","Long-term monitoring","3","SVM","3","6","2","Robust","None","{""C"":10,""epsilon"":0.01,""gamma"":0.03,""kernel"":""rbf""}","0.987730495514315","42","142","159"
"Randomized date-group nested CV","Long-term monitoring","3","SVM","4","6","2","Standard","None","{""C"":30,""epsilon"":0.01,""gamma"":0.1,""kernel"":""rbf""}","1.1823010975578152","42","142","159"
"Randomized date-group nested CV","Long-term monitoring","3","SVM","5","6","2","Robust","None","{""C"":30,""epsilon"":0.1,""gamma"":0.1,""kernel"":""rbf""}","0.38650795128926885","42","142","159"
"Randomized date-group nested CV","Long-term monitoring","3","XGBoost","1","9","3","Not applicable","None","{""colsample_bytree"":0.8,""learning_rate"":0.05,""max_depth"":4,""min_child_weight"":5,""n_estimators"":300,""reg_lambda"":10,""subsample"":1.0}","1.1125438631020774","42","142","159"
"Randomized date-group nested CV","Long-term monitoring","3","XGBoost","2","6","2","Not applicable","None","{""colsample_bytree"":0.8,""learning_rate"":0.05,""max_depth"":4,""min_child_weight"":5,""n_estimators"":300,""reg_lambda"":10,""subsample"":1.0}","1.2807522393019581","42","142","159"
"Randomized date-group nested CV","Long-term monitoring","3","XGBoost","3","6","2","Not applicable","None","{""colsample_bytree"":0.8,""learning_rate"":0.03,""max_depth"":3,""min_child_weight"":3,""n_estimators"":200,""reg_lambda"":5,""subsample"":1.0}","1.4656102474842132","42","142","159"
"Randomized date-group nested CV","Long-term monitoring","3","XGBoost","4","6","2","Not applicable","None","{""colsample_bytree"":1.0,""learning_rate"":0.03,""max_depth"":3,""min_child_weight"":5,""n_estimators"":300,""reg_lambda"":10,""subsample"":1.0}","1.0966610937256802","42","142","159"
"Randomized date-group nested CV","Long-term monitoring","3","XGBoost","5","6","2","Not applicable","None","{""colsample_bytree"":0.8,""learning_rate"":0.05,""max_depth"":4,""min_child_weight"":5,""n_estimators"":300,""reg_lambda"":10,""subsample"":1.0}","0.44010462564380887","42","142","159"
"Randomized date-group nested CV","Long-term monitoring","4","DT","1","9","3","Not applicable","None","{""criterion"":""absolute_error"",""max_depth"":null,""min_samples_leaf"":5,""min_samples_split"":8}","1.2371141373733006","42","142","159"
"Randomized date-group nested CV","Long-term monitoring","4","DT","2","6","2","Not applicable","None","{""criterion"":""absolute_error"",""max_depth"":null,""min_samples_leaf"":5,""min_samples_split"":8}","1.0630145812734628","42","142","159"
"Randomized date-group nested CV","Long-term monitoring","4","DT","3","6","2","Not applicable","None","{""criterion"":""absolute_error"",""max_depth"":null,""min_samples_leaf"":5,""min_samples_split"":8}","1.2736648783028506","42","142","159"
"Randomized date-group nested CV","Long-term monitoring","4","DT","4","6","2","Not applicable","None","{""criterion"":""absolute_error"",""max_depth"":5,""min_samples_leaf"":3,""min_samples_split"":8}","0.9333333333333321","42","142","159"
"Randomized date-group nested CV","Long-term monitoring","4","DT","5","6","2","Not applicable","None","{""criterion"":""squared_error"",""max_depth"":3,""min_samples_leaf"":1,""min_samples_split"":2}","0.5315572277937276","42","142","159"
"Randomized date-group nested CV","Long-term monitoring","4","MLP","1","9","3","Robust","None","{""activation"":""tanh"",""alpha"":0.01,""hidden_layer_sizes"":[5]}","1.1863886483651251","42","142","159"
"Randomized date-group nested CV","Long-term monitoring","4","MLP","2","6","2","Standard","None","{""activation"":""relu"",""alpha"":1.0,""hidden_layer_sizes"":[20]}","1.2379694965495338","42","142","159"
"Randomized date-group nested CV","Long-term monitoring","4","MLP","3","6","2","Robust","None","{""activation"":""relu"",""alpha"":1.0,""hidden_layer_sizes"":[10,5]}","0.9297571517463016","42","142","159"
"Randomized date-group nested CV","Long-term monitoring","4","MLP","4","6","2","Robust","None","{""activation"":""tanh"",""alpha"":1.0,""hidden_layer_sizes"":[20]}","0.9338010806171956","42","142","159"
"Randomized date-group nested CV","Long-term monitoring","4","MLP","5","6","2","Robust","None","{""activation"":""tanh"",""alpha"":1.0,""hidden_layer_sizes"":[20]}","0.5703895194199723","42","142","159"
"Randomized date-group nested CV","Long-term monitoring","4","RF","1","9","3","Not applicable","None","{""max_depth"":5,""max_features"":""sqrt"",""min_samples_leaf"":4,""n_estimators"":150}","1.213207762437159","42","142","159"
"Randomized date-group nested CV","Long-term monitoring","4","RF","2","6","2","Not applicable","None","{""max_depth"":5,""max_features"":""sqrt"",""min_samples_leaf"":4,""n_estimators"":150}","1.1043735817696712","42","142","159"
"Randomized date-group nested CV","Long-term monitoring","4","RF","3","6","2","Not applicable","None","{""max_depth"":10,""max_features"":0.7,""min_samples_leaf"":4,""n_estimators"":300}","0.966370533965827","42","142","159"
"Randomized date-group nested CV","Long-term monitoring","4","RF","4","6","2","Not applicable","None","{""max_depth"":10,""max_features"":1.0,""min_samples_leaf"":1,""n_estimators"":300}","0.9623368662636119","42","142","159"
"Randomized date-group nested CV","Long-term monitoring","4","RF","5","6","2","Not applicable","None","{""max_depth"":5,""max_features"":""sqrt"",""min_samples_leaf"":4,""n_estimators"":150}","0.37260760412699895","42","142","159"
"Randomized date-group nested CV","Long-term monitoring","4","SVM","1","9","3","Robust","None","{""C"":3,""epsilon"":0.03,""gamma"":""scale"",""kernel"":""rbf""}","1.2279025958346725","42","142","159"
"Randomized date-group nested CV","Long-term monitoring","4","SVM","2","6","2","Standard","None","{""C"":1,""epsilon"":0.03,""gamma"":""scale"",""kernel"":""rbf""}","1.265222558397775","42","142","159"
"Randomized date-group nested CV","Long-term monitoring","4","SVM","3","6","2","Robust","None","{""C"":3,""epsilon"":0.03,""gamma"":""scale"",""kernel"":""rbf""}","1.009252282348948","42","142","159"
"Randomized date-group nested CV","Long-term monitoring","4","SVM","4","6","2","Robust","None","{""C"":3,""epsilon"":0.03,""gamma"":""scale"",""kernel"":""rbf""}","0.9845128841059421","42","142","159"
"Randomized date-group nested CV","Long-term monitoring","4","SVM","5","6","2","Standard","None","{""C"":1,""epsilon"":0.03,""gamma"":""scale"",""kernel"":""rbf""}","0.42983393928915076","42","142","159"
"Randomized date-group nested CV","Long-term monitoring","4","XGBoost","1","9","3","Not applicable","None","{""colsample_bytree"":1.0,""learning_rate"":0.03,""max_depth"":2,""min_child_weight"":1,""n_estimators"":100,""reg_lambda"":1,""subsample"":1.0}","1.1689470550453789","42","142","159"
"Randomized date-group nested CV","Long-term monitoring","4","XGBoost","2","6","2","Not applicable","None","{""colsample_bytree"":1.0,""learning_rate"":0.03,""max_depth"":3,""min_child_weight"":5,""n_estimators"":300,""reg_lambda"":10,""subsample"":1.0}","1.1205960307645257","42","142","159"
"Randomized date-group nested CV","Long-term monitoring","4","XGBoost","3","6","2","Not applicable","None","{""colsample_bytree"":0.8,""learning_rate"":0.03,""max_depth"":4,""min_child_weight"":3,""n_estimators"":200,""reg_lambda"":5,""subsample"":0.8}","1.0048008102422372","42","142","159"
"Randomized date-group nested CV","Long-term monitoring","4","XGBoost","4","6","2","Not applicable","None","{""colsample_bytree"":1.0,""learning_rate"":0.03,""max_depth"":3,""min_child_weight"":5,""n_estimators"":300,""reg_lambda"":10,""subsample"":1.0}","0.9859720574786169","42","142","159"
"Randomized date-group nested CV","Long-term monitoring","4","XGBoost","5","6","2","Not applicable","None","{""colsample_bytree"":0.8,""learning_rate"":0.05,""max_depth"":3,""min_child_weight"":1,""n_estimators"":300,""reg_lambda"":5,""subsample"":0.8}","0.37658008772858803","42","142","159"
"Randomized date-group nested CV","Long-term monitoring","5","DT","1","9","3","Not applicable","None","{""criterion"":""squared_error"",""max_depth"":3,""min_samples_leaf"":1,""min_samples_split"":2}","1.6930002953337024","42","142","159"
"Randomized date-group nested CV","Long-term monitoring","5","DT","2","6","2","Not applicable","None","{""criterion"":""absolute_error"",""max_depth"":null,""min_samples_leaf"":5,""min_samples_split"":8}","1.5824656491893283","42","142","159"
"Randomized date-group nested CV","Long-term monitoring","5","DT","3","6","2","Not applicable","None","{""criterion"":""absolute_error"",""max_depth"":5,""min_samples_leaf"":3,""min_samples_split"":8}","1.4024229474223495","42","142","159"
"Randomized date-group nested CV","Long-term monitoring","5","DT","4","6","2","Not applicable","None","{""criterion"":""absolute_error"",""max_depth"":5,""min_samples_leaf"":3,""min_samples_split"":8}","1.9040162230868156","42","142","159"
"Randomized date-group nested CV","Long-term monitoring","5","DT","5","6","2","Not applicable","None","{""criterion"":""squared_error"",""max_depth"":5,""min_samples_leaf"":1,""min_samples_split"":2}","0.2728450923957508","42","142","159"
"Randomized date-group nested CV","Long-term monitoring","5","MLP","1","9","3","Robust","None","{""activation"":""tanh"",""alpha"":0.01,""hidden_layer_sizes"":[5]}","2.4742952647176675","42","142","159"
"Randomized date-group nested CV","Long-term monitoring","5","MLP","2","6","2","Standard","None","{""activation"":""tanh"",""alpha"":0.1,""hidden_layer_sizes"":[10,5]}","1.2799085366056713","42","142","159"
"Randomized date-group nested CV","Long-term monitoring","5","MLP","3","6","2","Robust","None","{""activation"":""tanh"",""alpha"":0.1,""hidden_layer_sizes"":[10]}","1.9627710584217695","42","142","159"
"Randomized date-group nested CV","Long-term monitoring","5","MLP","4","6","2","Robust","None","{""activation"":""tanh"",""alpha"":0.01,""hidden_layer_sizes"":[5]}","1.7957271472970517","42","142","159"
"Randomized date-group nested CV","Long-term monitoring","5","MLP","5","6","2","Robust","None","{""activation"":""tanh"",""alpha"":0.1,""hidden_layer_sizes"":[10]}","0.17858322187297748","42","142","159"
"Randomized date-group nested CV","Long-term monitoring","5","RF","1","9","3","Not applicable","None","{""max_depth"":5,""max_features"":""sqrt"",""min_samples_leaf"":4,""n_estimators"":150}","1.4456279667924161","42","142","159"
"Randomized date-group nested CV","Long-term monitoring","5","RF","2","6","2","Not applicable","None","{""max_depth"":5,""max_features"":""sqrt"",""min_samples_leaf"":4,""n_estimators"":150}","1.237416675605837","42","142","159"
"Randomized date-group nested CV","Long-term monitoring","5","RF","3","6","2","Not applicable","None","{""max_depth"":5,""max_features"":""sqrt"",""min_samples_leaf"":4,""n_estimators"":150}","1.2989111695241211","42","142","159"
"Randomized date-group nested CV","Long-term monitoring","5","RF","4","6","2","Not applicable","None","{""max_depth"":5,""max_features"":""sqrt"",""min_samples_leaf"":4,""n_estimators"":150}","1.3455720665428375","42","142","159"
"Randomized date-group nested CV","Long-term monitoring","5","RF","5","6","2","Not applicable","None","{""max_depth"":10,""max_features"":""sqrt"",""min_samples_leaf"":2,""n_estimators"":150}","0.20090030725491628","42","142","159"
"Randomized date-group nested CV","Long-term monitoring","5","SVM","1","9","3","Robust","None","{""C"":3,""epsilon"":0.03,""gamma"":""scale"",""kernel"":""rbf""}","1.1752868878625364","42","142","159"
"Randomized date-group nested CV","Long-term monitoring","5","SVM","2","6","2","Robust","None","{""C"":3,""epsilon"":0.03,""gamma"":""scale"",""kernel"":""rbf""}","1.0399503925546543","42","142","159"
"Randomized date-group nested CV","Long-term monitoring","5","SVM","3","6","2","Robust","None","{""C"":3,""epsilon"":0.03,""gamma"":""scale"",""kernel"":""rbf""}","1.1008108894295425","42","142","159"
"Randomized date-group nested CV","Long-term monitoring","5","SVM","4","6","2","Standard","None","{""C"":30,""epsilon"":0.01,""gamma"":0.1,""kernel"":""rbf""}","1.1834348241073813","42","142","159"
"Randomized date-group nested CV","Long-term monitoring","5","SVM","5","6","2","Robust","None","{""C"":30,""epsilon"":0.1,""gamma"":0.1,""kernel"":""rbf""}","0.17803260267629586","42","142","159"
"Randomized date-group nested CV","Long-term monitoring","5","XGBoost","1","9","3","Not applicable","None","{""colsample_bytree"":1.0,""learning_rate"":0.03,""max_depth"":2,""min_child_weight"":1,""n_estimators"":100,""reg_lambda"":1,""subsample"":1.0}","1.6651645496898264","42","142","159"
"Randomized date-group nested CV","Long-term monitoring","5","XGBoost","2","6","2","Not applicable","None","{""colsample_bytree"":1.0,""learning_rate"":0.03,""max_depth"":3,""min_child_weight"":5,""n_estimators"":300,""reg_lambda"":10,""subsample"":1.0}","1.3040746968370098","42","142","159"
"Randomized date-group nested CV","Long-term monitoring","5","XGBoost","3","6","2","Not applicable","None","{""colsample_bytree"":1.0,""learning_rate"":0.03,""max_depth"":3,""min_child_weight"":5,""n_estimators"":300,""reg_lambda"":10,""subsample"":1.0}","1.4706281607740097","42","142","159"
"Randomized date-group nested CV","Long-term monitoring","5","XGBoost","4","6","2","Not applicable","None","{""colsample_bytree"":1.0,""learning_rate"":0.03,""max_depth"":3,""min_child_weight"":5,""n_estimators"":300,""reg_lambda"":10,""subsample"":1.0}","1.6294603713940494","42","142","159"
"Randomized date-group nested CV","Long-term monitoring","5","XGBoost","5","6","2","Not applicable","None","{""colsample_bytree"":0.8,""learning_rate"":0.05,""max_depth"":3,""min_child_weight"":1,""n_estimators"":300,""reg_lambda"":5,""subsample"":0.8}","0.18210534096167752","42","142","159"
"Randomized date-group nested CV","Long-term monitoring","6","DT","1","9","3","Not applicable","None","{""criterion"":""absolute_error"",""max_depth"":null,""min_samples_leaf"":5,""min_samples_split"":8}","1.38247965626985","42","142","159"
"Randomized date-group nested CV","Long-term monitoring","6","DT","2","6","2","Not applicable","None","{""criterion"":""absolute_error"",""max_depth"":null,""min_samples_leaf"":5,""min_samples_split"":8}","0.7310570733153753","42","142","159"
"Randomized date-group nested CV","Long-term monitoring","6","DT","3","6","2","Not applicable","None","{""criterion"":""absolute_error"",""max_depth"":null,""min_samples_leaf"":5,""min_samples_split"":8}","0.7630348761506395","42","142","159"
"Randomized date-group nested CV","Long-term monitoring","6","DT","4","6","2","Not applicable","None","{""criterion"":""absolute_error"",""max_depth"":null,""min_samples_leaf"":5,""min_samples_split"":8}","0.7321960878829611","42","142","159"
"Randomized date-group nested CV","Long-term monitoring","6","DT","5","6","2","Not applicable","None","{""criterion"":""squared_error"",""max_depth"":3,""min_samples_leaf"":1,""min_samples_split"":2}","0.3227964232518677","42","142","159"
"Randomized date-group nested CV","Long-term monitoring","6","MLP","1","9","3","Standard","None","{""activation"":""tanh"",""alpha"":0.01,""hidden_layer_sizes"":[5]}","1.4502990339204047","42","142","159"
"Randomized date-group nested CV","Long-term monitoring","6","MLP","2","6","2","Robust","None","{""activation"":""relu"",""alpha"":1.0,""hidden_layer_sizes"":[10,5]}","1.1112151884235157","42","142","159"
"Randomized date-group nested CV","Long-term monitoring","6","MLP","3","6","2","Standard","None","{""activation"":""relu"",""alpha"":1.0,""hidden_layer_sizes"":[20]}","0.800833248963332","42","142","159"
"Randomized date-group nested CV","Long-term monitoring","6","MLP","4","6","2","Standard","None","{""activation"":""tanh"",""alpha"":0.01,""hidden_layer_sizes"":[5]}","0.8758312931668711","42","142","159"
"Randomized date-group nested CV","Long-term monitoring","6","MLP","5","6","2","Robust","None","{""activation"":""relu"",""alpha"":1.0,""hidden_layer_sizes"":[10,5]}","0.2367850167207452","42","142","159"
"Randomized date-group nested CV","Long-term monitoring","6","RF","1","9","3","Not applicable","None","{""max_depth"":5,""max_features"":""sqrt"",""min_samples_leaf"":4,""n_estimators"":150}","1.1533812079585721","42","142","159"
"Randomized date-group nested CV","Long-term monitoring","6","RF","2","6","2","Not applicable","None","{""max_depth"":10,""max_features"":0.7,""min_samples_leaf"":4,""n_estimators"":300}","0.8824345237785899","42","142","159"
"Randomized date-group nested CV","Long-term monitoring","6","RF","3","6","2","Not applicable","None","{""max_depth"":5,""max_features"":""sqrt"",""min_samples_leaf"":4,""n_estimators"":150}","0.9118836102724215","42","142","159"
"Randomized date-group nested CV","Long-term monitoring","6","RF","4","6","2","Not applicable","None","{""max_depth"":10,""max_features"":""sqrt"",""min_samples_leaf"":2,""n_estimators"":150}","0.8134344112364271","42","142","159"
"Randomized date-group nested CV","Long-term monitoring","6","RF","5","6","2","Not applicable","None","{""max_depth"":5,""max_features"":""sqrt"",""min_samples_leaf"":1,""n_estimators"":150}","0.32700318603381195","42","142","159"
"Randomized date-group nested CV","Long-term monitoring","6","SVM","1","9","3","Standard","None","{""C"":1,""epsilon"":0.03,""gamma"":""scale"",""kernel"":""rbf""}","0.991823607999891","42","142","159"
"Randomized date-group nested CV","Long-term monitoring","6","SVM","2","6","2","Robust","None","{""C"":3,""epsilon"":0.03,""gamma"":""scale"",""kernel"":""rbf""}","0.7695454011524278","42","142","159"
"Randomized date-group nested CV","Long-term monitoring","6","SVM","3","6","2","Robust","None","{""C"":3,""epsilon"":0.03,""gamma"":""scale"",""kernel"":""rbf""}","0.7301553640377743","42","142","159"
"Randomized date-group nested CV","Long-term monitoring","6","SVM","4","6","2","Standard","None","{""C"":1,""epsilon"":0.03,""gamma"":""scale"",""kernel"":""rbf""}","0.7561741897077622","42","142","159"
"Randomized date-group nested CV","Long-term monitoring","6","SVM","5","6","2","Robust","None","{""C"":3,""epsilon"":0.03,""gamma"":""scale"",""kernel"":""rbf""}","0.2746189275908589","42","142","159"
"Randomized date-group nested CV","Long-term monitoring","6","XGBoost","1","9","3","Not applicable","None","{""colsample_bytree"":1.0,""learning_rate"":0.03,""max_depth"":3,""min_child_weight"":5,""n_estimators"":300,""reg_lambda"":10,""subsample"":1.0}","1.0792051661308886","42","142","159"
"Randomized date-group nested CV","Long-term monitoring","6","XGBoost","2","6","2","Not applicable","None","{""colsample_bytree"":0.8,""learning_rate"":0.03,""max_depth"":4,""min_child_weight"":3,""n_estimators"":200,""reg_lambda"":5,""subsample"":0.8}","0.775261250090349","42","142","159"
"Randomized date-group nested CV","Long-term monitoring","6","XGBoost","3","6","2","Not applicable","None","{""colsample_bytree"":0.8,""learning_rate"":0.03,""max_depth"":3,""min_child_weight"":3,""n_estimators"":200,""reg_lambda"":5,""subsample"":1.0}","0.6946002302262925","42","142","159"
"Randomized date-group nested CV","Long-term monitoring","6","XGBoost","4","6","2","Not applicable","None","{""colsample_bytree"":1.0,""learning_rate"":0.03,""max_depth"":3,""min_child_weight"":5,""n_estimators"":300,""reg_lambda"":10,""subsample"":1.0}","0.7687248650386154","42","142","159"
"Randomized date-group nested CV","Long-term monitoring","6","XGBoost","5","6","2","Not applicable","None","{""colsample_bytree"":0.8,""learning_rate"":0.05,""max_depth"":2,""min_child_weight"":1,""n_estimators"":200,""reg_lambda"":5,""subsample"":0.8}","0.3037285310808148","42","142","159"
"Rolling-origin nested validation","Long-term monitoring","1","DT","1","3","1","Not applicable","None","{""criterion"":""absolute_error"",""max_depth"":null,""min_samples_leaf"":5,""min_samples_split"":8}","0.1999999999999993","42","Not applicable","Not applicable"
"Rolling-origin nested validation","Long-term monitoring","1","DT","2","3","1","Not applicable","None","{""criterion"":""absolute_error"",""max_depth"":null,""min_samples_leaf"":5,""min_samples_split"":8}","0.282842712474618","42","Not applicable","Not applicable"
"Rolling-origin nested validation","Long-term monitoring","1","DT","3","3","1","Not applicable","None","{""criterion"":""absolute_error"",""max_depth"":null,""min_samples_leaf"":5,""min_samples_split"":8}","0.45552167895721374","42","Not applicable","Not applicable"
"Rolling-origin nested validation","Long-term monitoring","1","DT","4","3","1","Not applicable","None","{""criterion"":""absolute_error"",""max_depth"":5,""min_samples_leaf"":3,""min_samples_split"":8}","1.2718097341976902","42","Not applicable","Not applicable"
"Rolling-origin nested validation","Long-term monitoring","1","DT","5","3","1","Not applicable","None","{""criterion"":""absolute_error"",""max_depth"":5,""min_samples_leaf"":3,""min_samples_split"":8}","0.40926763859362225","42","Not applicable","Not applicable"
"Rolling-origin nested validation","Long-term monitoring","1","DT","6","3","1","Not applicable","None","{""criterion"":""absolute_error"",""max_depth"":5,""min_samples_leaf"":3,""min_samples_split"":8}","0.4092676385936222","42","Not applicable","Not applicable"
"Rolling-origin nested validation","Long-term monitoring","1","MLP","1","3","1","Standard","None","{""activation"":""relu"",""alpha"":0.1,""hidden_layer_sizes"":[10]}","1.0505289694433537","42","Not applicable","Not applicable"
"Rolling-origin nested validation","Long-term monitoring","1","MLP","2","3","1","Standard","None","{""activation"":""relu"",""alpha"":0.1,""hidden_layer_sizes"":[10]}","0.9367400188507501","42","Not applicable","Not applicable"
"Rolling-origin nested validation","Long-term monitoring","1","MLP","3","3","1","Standard","None","{""activation"":""tanh"",""alpha"":0.1,""hidden_layer_sizes"":[10,5]}","0.30600354009554614","42","Not applicable","Not applicable"
"Rolling-origin nested validation","Long-term monitoring","1","MLP","4","3","1","Standard","None","{""activation"":""tanh"",""alpha"":0.01,""hidden_layer_sizes"":[5]}","0.7034219917638388","42","Not applicable","Not applicable"
"Rolling-origin nested validation","Long-term monitoring","1","MLP","5","3","1","Robust","None","{""activation"":""tanh"",""alpha"":1.0,""hidden_layer_sizes"":[20]}","0.5242308652832224","42","Not applicable","Not applicable"
"Rolling-origin nested validation","Long-term monitoring","1","MLP","6","3","1","Robust","None","{""activation"":""relu"",""alpha"":1.0,""hidden_layer_sizes"":[10,5]}","0.4168341038231514","42","Not applicable","Not applicable"
"Rolling-origin nested validation","Long-term monitoring","1","RF","1","3","1","Not applicable","None","{""max_depth"":null,""max_features"":1.0,""min_samples_leaf"":4,""n_estimators"":300}","0.587053189322894","42","Not applicable","Not applicable"
"Rolling-origin nested validation","Long-term monitoring","1","RF","2","3","1","Not applicable","None","{""max_depth"":null,""max_features"":1.0,""min_samples_leaf"":4,""n_estimators"":300}","0.660693559514928","42","Not applicable","Not applicable"
"Rolling-origin nested validation","Long-term monitoring","1","RF","3","3","1","Not applicable","None","{""max_depth"":null,""max_features"":1.0,""min_samples_leaf"":4,""n_estimators"":300}","0.5930063576613079","42","Not applicable","Not applicable"
"Rolling-origin nested validation","Long-term monitoring","1","RF","4","3","1","Not applicable","None","{""max_depth"":5,""max_features"":""sqrt"",""min_samples_leaf"":4,""n_estimators"":150}","0.8830604542117738","42","Not applicable","Not applicable"
"Rolling-origin nested validation","Long-term monitoring","1","RF","5","3","1","Not applicable","None","{""max_depth"":10,""max_features"":1.0,""min_samples_leaf"":1,""n_estimators"":300}","0.6007496311622708","42","Not applicable","Not applicable"
"Rolling-origin nested validation","Long-term monitoring","1","RF","6","3","1","Not applicable","None","{""max_depth"":10,""max_features"":1.0,""min_samples_leaf"":1,""n_estimators"":300}","0.5485442987915033","42","Not applicable","Not applicable"
"Rolling-origin nested validation","Long-term monitoring","1","SVM","1","3","1","Standard","None","{""C"":30,""epsilon"":0.01,""gamma"":0.1,""kernel"":""rbf""}","0.6708682518511282","42","Not applicable","Not applicable"
"Rolling-origin nested validation","Long-term monitoring","1","SVM","2","3","1","Standard","None","{""C"":30,""epsilon"":0.01,""gamma"":0.1,""kernel"":""rbf""}","0.7380484883584548","42","Not applicable","Not applicable"
"Rolling-origin nested validation","Long-term monitoring","1","SVM","3","3","1","Standard","None","{""C"":0.3,""epsilon"":0.03,""gamma"":""scale"",""kernel"":""linear""}","0.5063436265511889","42","Not applicable","Not applicable"
"Rolling-origin nested validation","Long-term monitoring","1","SVM","4","3","1","Standard","None","{""C"":1,""epsilon"":0.03,""gamma"":""scale"",""kernel"":""rbf""}","0.7606704463274733","42","Not applicable","Not applicable"
"Rolling-origin nested validation","Long-term monitoring","1","SVM","5","3","1","Robust","None","{""C"":10,""epsilon"":0.01,""gamma"":0.03,""kernel"":""rbf""}","0.6304027435684421","42","Not applicable","Not applicable"
"Rolling-origin nested validation","Long-term monitoring","1","SVM","6","3","1","Standard","None","{""C"":1,""epsilon"":0.03,""gamma"":""scale"",""kernel"":""rbf""}","0.605465076843798","42","Not applicable","Not applicable"
"Rolling-origin nested validation","Long-term monitoring","1","XGBoost","1","3","1","Not applicable","None","{""colsample_bytree"":0.8,""learning_rate"":0.05,""max_depth"":4,""min_child_weight"":5,""n_estimators"":300,""reg_lambda"":10,""subsample"":1.0}","0.5323257998281701","42","Not applicable","Not applicable"
"Rolling-origin nested validation","Long-term monitoring","1","XGBoost","2","3","1","Not applicable","None","{""colsample_bytree"":1.0,""learning_rate"":0.03,""max_depth"":3,""min_child_weight"":5,""n_estimators"":300,""reg_lambda"":10,""subsample"":1.0}","0.7113921468432659","42","Not applicable","Not applicable"
"Rolling-origin nested validation","Long-term monitoring","1","XGBoost","3","3","1","Not applicable","None","{""colsample_bytree"":1.0,""learning_rate"":0.03,""max_depth"":3,""min_child_weight"":5,""n_estimators"":300,""reg_lambda"":10,""subsample"":1.0}","0.7112580008392131","42","Not applicable","Not applicable"
"Rolling-origin nested validation","Long-term monitoring","1","XGBoost","4","3","1","Not applicable","None","{""colsample_bytree"":1.0,""learning_rate"":0.1,""max_depth"":4,""min_child_weight"":1,""n_estimators"":100,""reg_lambda"":5,""subsample"":0.8}","0.46030884453181004","42","Not applicable","Not applicable"
"Rolling-origin nested validation","Long-term monitoring","1","XGBoost","5","3","1","Not applicable","None","{""colsample_bytree"":1.0,""learning_rate"":0.1,""max_depth"":4,""min_child_weight"":1,""n_estimators"":100,""reg_lambda"":5,""subsample"":0.8}","0.5486752589593837","42","Not applicable","Not applicable"
"Rolling-origin nested validation","Long-term monitoring","1","XGBoost","6","3","1","Not applicable","None","{""colsample_bytree"":1.0,""learning_rate"":0.1,""max_depth"":4,""min_child_weight"":1,""n_estimators"":100,""reg_lambda"":5,""subsample"":0.8}","0.4602589383789365","42","Not applicable","Not applicable"
"Rolling-origin nested validation","Long-term monitoring","2","DT","1","3","1","Not applicable","None","{""criterion"":""absolute_error"",""max_depth"":null,""min_samples_leaf"":5,""min_samples_split"":8}","0.6128258770283416","42","Not applicable","Not applicable"
"Rolling-origin nested validation","Long-term monitoring","2","DT","2","3","1","Not applicable","None","{""criterion"":""absolute_error"",""max_depth"":null,""min_samples_leaf"":5,""min_samples_split"":8}","0.5135208892573931","42","Not applicable","Not applicable"
"Rolling-origin nested validation","Long-term monitoring","2","DT","3","3","1","Not applicable","None","{""criterion"":""squared_error"",""max_depth"":3,""min_samples_leaf"":1,""min_samples_split"":2}","0.7615773105863912","42","Not applicable","Not applicable"
"Rolling-origin nested validation","Long-term monitoring","2","DT","4","3","1","Not applicable","None","{""criterion"":""squared_error"",""max_depth"":3,""min_samples_leaf"":1,""min_samples_split"":2}","0.13228756555322962","42","Not applicable","Not applicable"
"Rolling-origin nested validation","Long-term monitoring","2","DT","5","3","1","Not applicable","None","{""criterion"":""absolute_error"",""max_depth"":5,""min_samples_leaf"":3,""min_samples_split"":8}","0.18484227510682433","42","Not applicable","Not applicable"
"Rolling-origin nested validation","Long-term monitoring","2","DT","6","3","1","Not applicable","None","{""criterion"":""absolute_error"",""max_depth"":null,""min_samples_leaf"":5,""min_samples_split"":8}","0.06454972243678937","42","Not applicable","Not applicable"
"Rolling-origin nested validation","Long-term monitoring","2","MLP","1","3","1","Robust","None","{""activation"":""tanh"",""alpha"":0.01,""hidden_layer_sizes"":[5]}","0.6890472850488235","42","Not applicable","Not applicable"
"Rolling-origin nested validation","Long-term monitoring","2","MLP","2","3","1","Robust","None","{""activation"":""tanh"",""alpha"":0.01,""hidden_layer_sizes"":[5]}","0.5800751352294364","42","Not applicable","Not applicable"
"Rolling-origin nested validation","Long-term monitoring","2","MLP","3","3","1","Standard","None","{""activation"":""tanh"",""alpha"":0.1,""hidden_layer_sizes"":[10]}","0.4132974961982849","42","Not applicable","Not applicable"
"Rolling-origin nested validation","Long-term monitoring","2","MLP","4","3","1","Standard","None","{""activation"":""tanh"",""alpha"":0.1,""hidden_layer_sizes"":[10]}","0.5166336515518624","42","Not applicable","Not applicable"
"Rolling-origin nested validation","Long-term monitoring","2","MLP","5","3","1","Standard","None","{""activation"":""tanh"",""alpha"":0.1,""hidden_layer_sizes"":[10]}","0.49595081315088113","42","Not applicable","Not applicable"
"Rolling-origin nested validation","Long-term monitoring","2","MLP","6","3","1","Standard","None","{""activation"":""tanh"",""alpha"":0.1,""hidden_layer_sizes"":[10]}","0.395787218173927","42","Not applicable","Not applicable"
"Rolling-origin nested validation","Long-term monitoring","2","RF","1","3","1","Not applicable","None","{""max_depth"":null,""max_features"":1.0,""min_samples_leaf"":4,""n_estimators"":300}","0.4131891989188688","42","Not applicable","Not applicable"
"Rolling-origin nested validation","Long-term monitoring","2","RF","2","3","1","Not applicable","None","{""max_depth"":null,""max_features"":1.0,""min_samples_leaf"":4,""n_estimators"":300}","0.4583912240969653","42","Not applicable","Not applicable"
"Rolling-origin nested validation","Long-term monitoring","2","RF","3","3","1","Not applicable","None","{""max_depth"":10,""max_features"":1.0,""min_samples_leaf"":1,""n_estimators"":300}","0.4403253613729879","42","Not applicable","Not applicable"
"Rolling-origin nested validation","Long-term monitoring","2","RF","4","3","1","Not applicable","None","{""max_depth"":10,""max_features"":1.0,""min_samples_leaf"":1,""n_estimators"":300}","0.3765364628012632","42","Not applicable","Not applicable"
"Rolling-origin nested validation","Long-term monitoring","2","RF","5","3","1","Not applicable","None","{""max_depth"":5,""max_features"":""sqrt"",""min_samples_leaf"":4,""n_estimators"":150}","0.4722823964094111","42","Not applicable","Not applicable"
"Rolling-origin nested validation","Long-term monitoring","2","RF","6","3","1","Not applicable","None","{""max_depth"":5,""max_features"":""sqrt"",""min_samples_leaf"":4,""n_estimators"":150}","0.39008468480453035","42","Not applicable","Not applicable"
"Rolling-origin nested validation","Long-term monitoring","2","SVM","1","3","1","Standard","None","{""C"":30,""epsilon"":0.01,""gamma"":0.1,""kernel"":""rbf""}","0.41492311605388443","42","Not applicable","Not applicable"
"Rolling-origin nested validation","Long-term monitoring","2","SVM","2","3","1","Standard","None","{""C"":30,""epsilon"":0.01,""gamma"":0.1,""kernel"":""rbf""}","0.45290141284178737","42","Not applicable","Not applicable"
"Rolling-origin nested validation","Long-term monitoring","2","SVM","3","3","1","Standard","None","{""C"":1,""epsilon"":0.03,""gamma"":""scale"",""kernel"":""rbf""}","0.3244248667111608","42","Not applicable","Not applicable"
"Rolling-origin nested validation","Long-term monitoring","2","SVM","4","3","1","Standard","None","{""C"":1,""epsilon"":0.03,""gamma"":""scale"",""kernel"":""rbf""}","0.33089103826940797","42","Not applicable","Not applicable"
"Rolling-origin nested validation","Long-term monitoring","2","SVM","5","3","1","Standard","None","{""C"":1,""epsilon"":0.03,""gamma"":""scale"",""kernel"":""rbf""}","0.27237061853467115","42","Not applicable","Not applicable"
"Rolling-origin nested validation","Long-term monitoring","2","SVM","6","3","1","Standard","None","{""C"":1,""epsilon"":0.03,""gamma"":""scale"",""kernel"":""rbf""}","0.21050104781698759","42","Not applicable","Not applicable"
"Rolling-origin nested validation","Long-term monitoring","2","XGBoost","1","3","1","Not applicable","None","{""colsample_bytree"":1.0,""learning_rate"":0.03,""max_depth"":3,""min_child_weight"":5,""n_estimators"":300,""reg_lambda"":10,""subsample"":1.0}","0.48050941435605143","42","Not applicable","Not applicable"
"Rolling-origin nested validation","Long-term monitoring","2","XGBoost","2","3","1","Not applicable","None","{""colsample_bytree"":1.0,""learning_rate"":0.03,""max_depth"":3,""min_child_weight"":5,""n_estimators"":300,""reg_lambda"":10,""subsample"":1.0}","0.4296084220974636","42","Not applicable","Not applicable"
"Rolling-origin nested validation","Long-term monitoring","2","XGBoost","3","3","1","Not applicable","None","{""colsample_bytree"":1.0,""learning_rate"":0.03,""max_depth"":2,""min_child_weight"":1,""n_estimators"":100,""reg_lambda"":1,""subsample"":1.0}","0.4026718786826912","42","Not applicable","Not applicable"
"Rolling-origin nested validation","Long-term monitoring","2","XGBoost","4","3","1","Not applicable","None","{""colsample_bytree"":1.0,""learning_rate"":0.03,""max_depth"":2,""min_child_weight"":1,""n_estimators"":100,""reg_lambda"":1,""subsample"":1.0}","0.23350444643051504","42","Not applicable","Not applicable"
"Rolling-origin nested validation","Long-term monitoring","2","XGBoost","5","3","1","Not applicable","None","{""colsample_bytree"":0.8,""learning_rate"":0.03,""max_depth"":3,""min_child_weight"":3,""n_estimators"":200,""reg_lambda"":5,""subsample"":1.0}","0.3942118600762356","42","Not applicable","Not applicable"
"Rolling-origin nested validation","Long-term monitoring","2","XGBoost","6","3","1","Not applicable","None","{""colsample_bytree"":1.0,""learning_rate"":0.1,""max_depth"":3,""min_child_weight"":3,""n_estimators"":200,""reg_lambda"":10,""subsample"":0.8}","0.27603787617810904","42","Not applicable","Not applicable"
"Rolling-origin nested validation","Long-term monitoring","3","DT","1","3","1","Not applicable","None","{""criterion"":""squared_error"",""max_depth"":3,""min_samples_leaf"":1,""min_samples_split"":2}","1.4142135623730951","42","Not applicable","Not applicable"
"Rolling-origin nested validation","Long-term monitoring","3","DT","2","3","1","Not applicable","None","{""criterion"":""squared_error"",""max_depth"":3,""min_samples_leaf"":1,""min_samples_split"":2}","1.1902380714238083","42","Not applicable","Not applicable"
"Rolling-origin nested validation","Long-term monitoring","3","DT","3","3","1","Not applicable","None","{""criterion"":""squared_error"",""max_depth"":3,""min_samples_leaf"":1,""min_samples_split"":2}","1.6717699646825852","42","Not applicable","Not applicable"
"Rolling-origin nested validation","Long-term monitoring","3","DT","4","3","1","Not applicable","None","{""criterion"":""squared_error"",""max_depth"":3,""min_samples_leaf"":1,""min_samples_split"":2}","1.9726838270441307","42","Not applicable","Not applicable"
"Rolling-origin nested validation","Long-term monitoring","3","DT","5","3","1","Not applicable","None","{""criterion"":""squared_error"",""max_depth"":3,""min_samples_leaf"":1,""min_samples_split"":2}","2.0053631794469244","42","Not applicable","Not applicable"
"Rolling-origin nested validation","Long-term monitoring","3","DT","6","3","1","Not applicable","None","{""criterion"":""squared_error"",""max_depth"":3,""min_samples_leaf"":1,""min_samples_split"":2}","1.7068489485989473","42","Not applicable","Not applicable"
"Rolling-origin nested validation","Long-term monitoring","3","MLP","1","3","1","Robust","None","{""activation"":""tanh"",""alpha"":1.0,""hidden_layer_sizes"":[20]}","0.45290920234465176","42","Not applicable","Not applicable"
"Rolling-origin nested validation","Long-term monitoring","3","MLP","2","3","1","Robust","None","{""activation"":""tanh"",""alpha"":0.1,""hidden_layer_sizes"":[10]}","0.4519210417016762","42","Not applicable","Not applicable"
"Rolling-origin nested validation","Long-term monitoring","3","MLP","3","3","1","Robust","None","{""activation"":""tanh"",""alpha"":0.1,""hidden_layer_sizes"":[10]}","0.38522543495434725","42","Not applicable","Not applicable"
"Rolling-origin nested validation","Long-term monitoring","3","MLP","4","3","1","Standard","None","{""activation"":""tanh"",""alpha"":0.1,""hidden_layer_sizes"":[10,5]}","0.6490352741027978","42","Not applicable","Not applicable"
"Rolling-origin nested validation","Long-term monitoring","3","MLP","5","3","1","Standard","None","{""activation"":""tanh"",""alpha"":0.1,""hidden_layer_sizes"":[10,5]}","1.2169736413232584","42","Not applicable","Not applicable"
"Rolling-origin nested validation","Long-term monitoring","3","MLP","6","3","1","Standard","None","{""activation"":""tanh"",""alpha"":0.1,""hidden_layer_sizes"":[10,5]}","1.207089978211932","42","Not applicable","Not applicable"
"Rolling-origin nested validation","Long-term monitoring","3","RF","1","3","1","Not applicable","None","{""max_depth"":10,""max_features"":""sqrt"",""min_samples_leaf"":2,""n_estimators"":150}","0.45997079885843484","42","Not applicable","Not applicable"
"Rolling-origin nested validation","Long-term monitoring","3","RF","2","3","1","Not applicable","None","{""max_depth"":10,""max_features"":""sqrt"",""min_samples_leaf"":2,""n_estimators"":150}","0.5324392935164441","42","Not applicable","Not applicable"
"Rolling-origin nested validation","Long-term monitoring","3","RF","3","3","1","Not applicable","None","{""max_depth"":10,""max_features"":1.0,""min_samples_leaf"":1,""n_estimators"":300}","0.854740352363714","42","Not applicable","Not applicable"
"Rolling-origin nested validation","Long-term monitoring","3","RF","4","3","1","Not applicable","None","{""max_depth"":5,""max_features"":""sqrt"",""min_samples_leaf"":1,""n_estimators"":150}","0.9950902103573218","42","Not applicable","Not applicable"
"Rolling-origin nested validation","Long-term monitoring","3","RF","5","3","1","Not applicable","None","{""max_depth"":5,""max_features"":""sqrt"",""min_samples_leaf"":4,""n_estimators"":150}","1.1704094525979167","42","Not applicable","Not applicable"
"Rolling-origin nested validation","Long-term monitoring","3","RF","6","3","1","Not applicable","None","{""max_depth"":5,""max_features"":""sqrt"",""min_samples_leaf"":4,""n_estimators"":150}","0.909380073118036","42","Not applicable","Not applicable"
"Rolling-origin nested validation","Long-term monitoring","3","SVM","1","3","1","Standard","None","{""C"":10,""epsilon"":0.01,""gamma"":0.03,""kernel"":""rbf""}","0.28277690007038314","42","Not applicable","Not applicable"
"Rolling-origin nested validation","Long-term monitoring","3","SVM","2","3","1","Robust","None","{""C"":10,""epsilon"":0.01,""gamma"":0.03,""kernel"":""rbf""}","0.37925403872859687","42","Not applicable","Not applicable"
"Rolling-origin nested validation","Long-term monitoring","3","SVM","3","3","1","Standard","None","{""C"":10,""epsilon"":0.01,""gamma"":0.03,""kernel"":""rbf""}","0.6157535918247828","42","Not applicable","Not applicable"
"Rolling-origin nested validation","Long-term monitoring","3","SVM","4","3","1","Standard","None","{""C"":10,""epsilon"":0.01,""gamma"":0.03,""kernel"":""rbf""}","0.638441330039843","42","Not applicable","Not applicable"
"Rolling-origin nested validation","Long-term monitoring","3","SVM","5","3","1","Standard","None","{""C"":1,""epsilon"":0.03,""gamma"":""scale"",""kernel"":""rbf""}","1.1674195374085783","42","Not applicable","Not applicable"
"Rolling-origin nested validation","Long-term monitoring","3","SVM","6","3","1","Standard","None","{""C"":3,""epsilon"":0.01,""gamma"":""scale"",""kernel"":""linear""}","0.8474158633094546","42","Not applicable","Not applicable"
"Rolling-origin nested validation","Long-term monitoring","3","XGBoost","1","3","1","Not applicable","None","{""colsample_bytree"":1.0,""learning_rate"":0.1,""max_depth"":4,""min_child_weight"":1,""n_estimators"":100,""reg_lambda"":5,""subsample"":0.8}","0.0028963027755577113","42","Not applicable","Not applicable"
"Rolling-origin nested validation","Long-term monitoring","3","XGBoost","2","3","1","Not applicable","None","{""colsample_bytree"":1.0,""learning_rate"":0.1,""max_depth"":4,""min_child_weight"":1,""n_estimators"":100,""reg_lambda"":5,""subsample"":0.8}","0.2889347866102856","42","Not applicable","Not applicable"
"Rolling-origin nested validation","Long-term monitoring","3","XGBoost","3","3","1","Not applicable","None","{""colsample_bytree"":1.0,""learning_rate"":0.03,""max_depth"":3,""min_child_weight"":5,""n_estimators"":300,""reg_lambda"":10,""subsample"":1.0}","0.8918438860486846","42","Not applicable","Not applicable"
"Rolling-origin nested validation","Long-term monitoring","3","XGBoost","4","3","1","Not applicable","None","{""colsample_bytree"":1.0,""learning_rate"":0.03,""max_depth"":3,""min_child_weight"":5,""n_estimators"":300,""reg_lambda"":10,""subsample"":1.0}","0.9494946223384193","42","Not applicable","Not applicable"
"Rolling-origin nested validation","Long-term monitoring","3","XGBoost","5","3","1","Not applicable","None","{""colsample_bytree"":1.0,""learning_rate"":0.03,""max_depth"":3,""min_child_weight"":5,""n_estimators"":300,""reg_lambda"":10,""subsample"":1.0}","1.3446490463363439","42","Not applicable","Not applicable"
"Rolling-origin nested validation","Long-term monitoring","3","XGBoost","6","3","1","Not applicable","None","{""colsample_bytree"":1.0,""learning_rate"":0.03,""max_depth"":3,""min_child_weight"":5,""n_estimators"":300,""reg_lambda"":10,""subsample"":1.0}","1.2071791651464807","42","Not applicable","Not applicable"
"Rolling-origin nested validation","Long-term monitoring","4","DT","1","3","1","Not applicable","None","{""criterion"":""squared_error"",""max_depth"":3,""min_samples_leaf"":1,""min_samples_split"":2}","0","42","Not applicable","Not applicable"
"Rolling-origin nested validation","Long-term monitoring","4","DT","2","3","1","Not applicable","None","{""criterion"":""absolute_error"",""max_depth"":5,""min_samples_leaf"":3,""min_samples_split"":8}","0.4041451884327376","42","Not applicable","Not applicable"
"Rolling-origin nested validation","Long-term monitoring","4","DT","3","3","1","Not applicable","None","{""criterion"":""absolute_error"",""max_depth"":null,""min_samples_leaf"":5,""min_samples_split"":8}","0.7205964607595972","42","Not applicable","Not applicable"
"Rolling-origin nested validation","Long-term monitoring","4","DT","4","3","1","Not applicable","None","{""criterion"":""absolute_error"",""max_depth"":null,""min_samples_leaf"":5,""min_samples_split"":8}","0.7229056595383598","42","Not applicable","Not applicable"
"Rolling-origin nested validation","Long-term monitoring","4","DT","5","3","1","Not applicable","None","{""criterion"":""absolute_error"",""max_depth"":null,""min_samples_leaf"":5,""min_samples_split"":8}","0.6104036308809043","42","Not applicable","Not applicable"
"Rolling-origin nested validation","Long-term monitoring","4","DT","6","3","1","Not applicable","None","{""criterion"":""squared_error"",""max_depth"":8,""min_samples_leaf"":1,""min_samples_split"":2}","0.42382735828357443","42","Not applicable","Not applicable"
"Rolling-origin nested validation","Long-term monitoring","4","MLP","1","3","1","Robust","None","{""activation"":""relu"",""alpha"":1.0,""hidden_layer_sizes"":[10,5]}","0.5646853861965417","42","Not applicable","Not applicable"
"Rolling-origin nested validation","Long-term monitoring","4","MLP","2","3","1","Robust","None","{""activation"":""relu"",""alpha"":1.0,""hidden_layer_sizes"":[10,5]}","0.6707807938497108","42","Not applicable","Not applicable"
"Rolling-origin nested validation","Long-term monitoring","4","MLP","3","3","1","Standard","None","{""activation"":""tanh"",""alpha"":1.0,""hidden_layer_sizes"":[20]}","0.8613613168398927","42","Not applicable","Not applicable"
"Rolling-origin nested validation","Long-term monitoring","4","MLP","4","3","1","Standard","None","{""activation"":""tanh"",""alpha"":1.0,""hidden_layer_sizes"":[20]}","0.9412220052076058","42","Not applicable","Not applicable"
"Rolling-origin nested validation","Long-term monitoring","4","MLP","5","3","1","Standard","None","{""activation"":""tanh"",""alpha"":1.0,""hidden_layer_sizes"":[20]}","0.8699431218155571","42","Not applicable","Not applicable"
"Rolling-origin nested validation","Long-term monitoring","4","MLP","6","3","1","Robust","None","{""activation"":""tanh"",""alpha"":0.1,""hidden_layer_sizes"":[10]}","0.5032366465681362","42","Not applicable","Not applicable"
"Rolling-origin nested validation","Long-term monitoring","4","RF","1","3","1","Not applicable","None","{""max_depth"":5,""max_features"":0.7,""min_samples_leaf"":1,""n_estimators"":300}","0.18314065632740106","42","Not applicable","Not applicable"
"Rolling-origin nested validation","Long-term monitoring","4","RF","2","3","1","Not applicable","None","{""max_depth"":5,""max_features"":0.7,""min_samples_leaf"":1,""n_estimators"":300}","0.5216831023325683","42","Not applicable","Not applicable"
"Rolling-origin nested validation","Long-term monitoring","4","RF","3","3","1","Not applicable","None","{""max_depth"":null,""max_features"":1.0,""min_samples_leaf"":4,""n_estimators"":300}","0.9576796739871601","42","Not applicable","Not applicable"
"Rolling-origin nested validation","Long-term monitoring","4","RF","4","3","1","Not applicable","None","{""max_depth"":null,""max_features"":1.0,""min_samples_leaf"":4,""n_estimators"":300}","0.9683692603805434","42","Not applicable","Not applicable"
"Rolling-origin nested validation","Long-term monitoring","4","RF","5","3","1","Not applicable","None","{""max_depth"":10,""max_features"":0.7,""min_samples_leaf"":4,""n_estimators"":300}","0.9351422534030901","42","Not applicable","Not applicable"
"Rolling-origin nested validation","Long-term monitoring","4","RF","6","3","1","Not applicable","None","{""max_depth"":null,""max_features"":1.0,""min_samples_leaf"":2,""n_estimators"":300}","0.7408522849912503","42","Not applicable","Not applicable"
"Rolling-origin nested validation","Long-term monitoring","4","SVM","1","3","1","Standard","None","{""C"":30,""epsilon"":0.01,""gamma"":0.1,""kernel"":""rbf""}","0.4860191124645124","42","Not applicable","Not applicable"
"Rolling-origin nested validation","Long-term monitoring","4","SVM","2","3","1","Standard","None","{""C"":10,""epsilon"":0.01,""gamma"":0.03,""kernel"":""rbf""}","0.6049905592855437","42","Not applicable","Not applicable"
"Rolling-origin nested validation","Long-term monitoring","4","SVM","3","3","1","Robust","None","{""C"":3,""epsilon"":0.03,""gamma"":""scale"",""kernel"":""linear""}","0.46867597357558094","42","Not applicable","Not applicable"
"Rolling-origin nested validation","Long-term monitoring","4","SVM","4","3","1","Standard","None","{""C"":0.3,""epsilon"":0.03,""gamma"":""scale"",""kernel"":""linear""}","0.6647036425135252","42","Not applicable","Not applicable"
"Rolling-origin nested validation","Long-term monitoring","4","SVM","5","3","1","Standard","None","{""C"":0.3,""epsilon"":0.03,""gamma"":""scale"",""kernel"":""linear""}","0.49341597455358704","42","Not applicable","Not applicable"
"Rolling-origin nested validation","Long-term monitoring","4","SVM","6","3","1","Robust","None","{""C"":10,""epsilon"":0.01,""gamma"":""scale"",""kernel"":""linear""}","0.5374040216416108","42","Not applicable","Not applicable"
"Rolling-origin nested validation","Long-term monitoring","4","XGBoost","1","3","1","Not applicable","None","{""colsample_bytree"":0.8,""learning_rate"":0.05,""max_depth"":2,""min_child_weight"":1,""n_estimators"":200,""reg_lambda"":5,""subsample"":0.8}","0.003226331104073838","42","Not applicable","Not applicable"
"Rolling-origin nested validation","Long-term monitoring","4","XGBoost","2","3","1","Not applicable","None","{""colsample_bytree"":1.0,""learning_rate"":0.1,""max_depth"":3,""min_child_weight"":3,""n_estimators"":200,""reg_lambda"":10,""subsample"":0.8}","0.3334259985551663","42","Not applicable","Not applicable"
"Rolling-origin nested validation","Long-term monitoring","4","XGBoost","3","3","1","Not applicable","None","{""colsample_bytree"":1.0,""learning_rate"":0.03,""max_depth"":3,""min_child_weight"":5,""n_estimators"":300,""reg_lambda"":10,""subsample"":1.0}","1.1275850454542304","42","Not applicable","Not applicable"
"Rolling-origin nested validation","Long-term monitoring","4","XGBoost","4","3","1","Not applicable","None","{""colsample_bytree"":1.0,""learning_rate"":0.03,""max_depth"":3,""min_child_weight"":5,""n_estimators"":300,""reg_lambda"":10,""subsample"":1.0}","1.0631146479189806","42","Not applicable","Not applicable"
"Rolling-origin nested validation","Long-term monitoring","4","XGBoost","5","3","1","Not applicable","None","{""colsample_bytree"":1.0,""learning_rate"":0.03,""max_depth"":3,""min_child_weight"":5,""n_estimators"":300,""reg_lambda"":10,""subsample"":1.0}","1.1926672615496094","42","Not applicable","Not applicable"
"Rolling-origin nested validation","Long-term monitoring","4","XGBoost","6","3","1","Not applicable","None","{""colsample_bytree"":0.8,""learning_rate"":0.05,""max_depth"":4,""min_child_weight"":5,""n_estimators"":300,""reg_lambda"":10,""subsample"":1.0}","0.7503709587200317","42","Not applicable","Not applicable"
"Rolling-origin nested validation","Long-term monitoring","5","DT","1","3","1","Not applicable","None","{""criterion"":""squared_error"",""max_depth"":3,""min_samples_leaf"":1,""min_samples_split"":2}","0","42","Not applicable","Not applicable"
"Rolling-origin nested validation","Long-term monitoring","5","DT","2","3","1","Not applicable","None","{""criterion"":""squared_error"",""max_depth"":3,""min_samples_leaf"":1,""min_samples_split"":2}","1.9052558883257653","42","Not applicable","Not applicable"
"Rolling-origin nested validation","Long-term monitoring","5","DT","3","3","1","Not applicable","None","{""criterion"":""absolute_error"",""max_depth"":null,""min_samples_leaf"":5,""min_samples_split"":8}","1.9061304607327731","42","Not applicable","Not applicable"
"Rolling-origin nested validation","Long-term monitoring","5","DT","4","3","1","Not applicable","None","{""criterion"":""absolute_error"",""max_depth"":null,""min_samples_leaf"":5,""min_samples_split"":8}","1.9189358547942181","42","Not applicable","Not applicable"
"Rolling-origin nested validation","Long-term monitoring","5","DT","5","3","1","Not applicable","None","{""criterion"":""absolute_error"",""max_depth"":null,""min_samples_leaf"":5,""min_samples_split"":8}","0.2562189457244524","42","Not applicable","Not applicable"
"Rolling-origin nested validation","Long-term monitoring","5","DT","6","3","1","Not applicable","None","{""criterion"":""absolute_error"",""max_depth"":null,""min_samples_leaf"":5,""min_samples_split"":8}","0.25621894572445375","42","Not applicable","Not applicable"
"Rolling-origin nested validation","Long-term monitoring","5","MLP","1","3","1","Standard","None","{""activation"":""tanh"",""alpha"":0.01,""hidden_layer_sizes"":[5]}","1.2078890767355428","42","Not applicable","Not applicable"
"Rolling-origin nested validation","Long-term monitoring","5","MLP","2","3","1","Robust","None","{""activation"":""relu"",""alpha"":1.0,""hidden_layer_sizes"":[10,5]}","1.7924750410067554","42","Not applicable","Not applicable"
"Rolling-origin nested validation","Long-term monitoring","5","MLP","3","3","1","Standard","None","{""activation"":""tanh"",""alpha"":0.1,""hidden_layer_sizes"":[10,5]}","1.6340820252922126","42","Not applicable","Not applicable"
"Rolling-origin nested validation","Long-term monitoring","5","MLP","4","3","1","Standard","None","{""activation"":""tanh"",""alpha"":0.1,""hidden_layer_sizes"":[10,5]}","1.9887912365969282","42","Not applicable","Not applicable"
"Rolling-origin nested validation","Long-term monitoring","5","MLP","5","3","1","Standard","None","{""activation"":""tanh"",""alpha"":0.1,""hidden_layer_sizes"":[10,5]}","1.2269875365395397","42","Not applicable","Not applicable"
"Rolling-origin nested validation","Long-term monitoring","5","MLP","6","3","1","Standard","None","{""activation"":""tanh"",""alpha"":0.01,""hidden_layer_sizes"":[5]}","1.2710356176717252","42","Not applicable","Not applicable"
"Rolling-origin nested validation","Long-term monitoring","5","RF","1","3","1","Not applicable","None","{""max_depth"":null,""max_features"":1.0,""min_samples_leaf"":4,""n_estimators"":300}","0.8998247082309744","42","Not applicable","Not applicable"
"Rolling-origin nested validation","Long-term monitoring","5","RF","2","3","1","Not applicable","None","{""max_depth"":null,""max_features"":1.0,""min_samples_leaf"":4,""n_estimators"":300}","1.0713428404266463","42","Not applicable","Not applicable"
"Rolling-origin nested validation","Long-term monitoring","5","RF","3","3","1","Not applicable","None","{""max_depth"":null,""max_features"":1.0,""min_samples_leaf"":2,""n_estimators"":300}","0.9238396833938689","42","Not applicable","Not applicable"
"Rolling-origin nested validation","Long-term monitoring","5","RF","4","3","1","Not applicable","None","{""max_depth"":null,""max_features"":1.0,""min_samples_leaf"":4,""n_estimators"":300}","0.9274809480012319","42","Not applicable","Not applicable"
"Rolling-origin nested validation","Long-term monitoring","5","RF","5","3","1","Not applicable","None","{""max_depth"":null,""max_features"":1.0,""min_samples_leaf"":2,""n_estimators"":300}","0.4600084506694536","42","Not applicable","Not applicable"
"Rolling-origin nested validation","Long-term monitoring","5","RF","6","3","1","Not applicable","None","{""max_depth"":5,""max_features"":""sqrt"",""min_samples_leaf"":4,""n_estimators"":150}","0.9844209692657389","42","Not applicable","Not applicable"
"Rolling-origin nested validation","Long-term monitoring","5","SVM","1","3","1","Standard","None","{""C"":30,""epsilon"":0.01,""gamma"":0.1,""kernel"":""rbf""}","1.2652900969340024","42","Not applicable","Not applicable"
"Rolling-origin nested validation","Long-term monitoring","5","SVM","2","3","1","Standard","None","{""C"":30,""epsilon"":0.01,""gamma"":0.1,""kernel"":""rbf""}","1.2170868541647455","42","Not applicable","Not applicable"
"Rolling-origin nested validation","Long-term monitoring","5","SVM","3","3","1","Standard","None","{""C"":1,""epsilon"":0.03,""gamma"":""scale"",""kernel"":""rbf""}","0.8384737711602596","42","Not applicable","Not applicable"
"Rolling-origin nested validation","Long-term monitoring","5","SVM","4","3","1","Standard","None","{""C"":1,""epsilon"":0.03,""gamma"":""scale"",""kernel"":""rbf""}","0.8702851700420413","42","Not applicable","Not applicable"
"Rolling-origin nested validation","Long-term monitoring","5","SVM","5","3","1","Standard","None","{""C"":1,""epsilon"":0.03,""gamma"":""scale"",""kernel"":""rbf""}","0.662661467727481","42","Not applicable","Not applicable"
"Rolling-origin nested validation","Long-term monitoring","5","SVM","6","3","1","Robust","None","{""C"":3,""epsilon"":0.03,""gamma"":""scale"",""kernel"":""rbf""}","0.46500728318321843","42","Not applicable","Not applicable"
"Rolling-origin nested validation","Long-term monitoring","5","XGBoost","1","3","1","Not applicable","None","{""colsample_bytree"":0.8,""learning_rate"":0.05,""max_depth"":4,""min_child_weight"":5,""n_estimators"":300,""reg_lambda"":10,""subsample"":1.0}","0.7365404925295229","42","Not applicable","Not applicable"
"Rolling-origin nested validation","Long-term monitoring","5","XGBoost","2","3","1","Not applicable","None","{""colsample_bytree"":1.0,""learning_rate"":0.03,""max_depth"":3,""min_child_weight"":5,""n_estimators"":300,""reg_lambda"":10,""subsample"":1.0}","0.9222221863193585","42","Not applicable","Not applicable"
"Rolling-origin nested validation","Long-term monitoring","5","XGBoost","3","3","1","Not applicable","None","{""colsample_bytree"":1.0,""learning_rate"":0.03,""max_depth"":3,""min_child_weight"":5,""n_estimators"":300,""reg_lambda"":10,""subsample"":1.0}","0.743751090976739","42","Not applicable","Not applicable"
"Rolling-origin nested validation","Long-term monitoring","5","XGBoost","4","3","1","Not applicable","None","{""colsample_bytree"":0.8,""learning_rate"":0.05,""max_depth"":2,""min_child_weight"":1,""n_estimators"":200,""reg_lambda"":5,""subsample"":0.8}","0.31257974997773263","42","Not applicable","Not applicable"
"Rolling-origin nested validation","Long-term monitoring","5","XGBoost","5","3","1","Not applicable","None","{""colsample_bytree"":0.8,""learning_rate"":0.05,""max_depth"":2,""min_child_weight"":1,""n_estimators"":200,""reg_lambda"":5,""subsample"":0.8}","0.2702242421997276","42","Not applicable","Not applicable"
"Rolling-origin nested validation","Long-term monitoring","5","XGBoost","6","3","1","Not applicable","None","{""colsample_bytree"":0.8,""learning_rate"":0.05,""max_depth"":4,""min_child_weight"":5,""n_estimators"":300,""reg_lambda"":10,""subsample"":1.0}","1.026000959633238","42","Not applicable","Not applicable"
"Rolling-origin nested validation","Long-term monitoring","6","DT","1","3","1","Not applicable","None","{""criterion"":""squared_error"",""max_depth"":3,""min_samples_leaf"":1,""min_samples_split"":2}","1.3453624047073673","42","Not applicable","Not applicable"
"Rolling-origin nested validation","Long-term monitoring","6","DT","2","3","1","Not applicable","None","{""criterion"":""squared_error"",""max_depth"":3,""min_samples_leaf"":1,""min_samples_split"":2}","1.1224972160321793","42","Not applicable","Not applicable"
"Rolling-origin nested validation","Long-term monitoring","6","DT","3","3","1","Not applicable","None","{""criterion"":""squared_error"",""max_depth"":3,""min_samples_leaf"":1,""min_samples_split"":2}","0.3741657386773931","42","Not applicable","Not applicable"
"Rolling-origin nested validation","Long-term monitoring","6","DT","4","3","1","Not applicable","None","{""criterion"":""absolute_error"",""max_depth"":null,""min_samples_leaf"":5,""min_samples_split"":8}","1.3916417163432084","42","Not applicable","Not applicable"
"Rolling-origin nested validation","Long-term monitoring","6","DT","5","3","1","Not applicable","None","{""criterion"":""absolute_error"",""max_depth"":null,""min_samples_leaf"":5,""min_samples_split"":8}","1.3832329280830966","42","Not applicable","Not applicable"
"Rolling-origin nested validation","Long-term monitoring","6","DT","6","3","1","Not applicable","None","{""criterion"":""absolute_error"",""max_depth"":null,""min_samples_leaf"":5,""min_samples_split"":8}","0.4509249752822922","42","Not applicable","Not applicable"
"Rolling-origin nested validation","Long-term monitoring","6","MLP","1","3","1","Robust","None","{""activation"":""relu"",""alpha"":1.0,""hidden_layer_sizes"":[10,5]}","1.0437886466405655","42","Not applicable","Not applicable"
"Rolling-origin nested validation","Long-term monitoring","6","MLP","2","3","1","Robust","None","{""activation"":""relu"",""alpha"":1.0,""hidden_layer_sizes"":[10,5]}","0.8905696235574748","42","Not applicable","Not applicable"
"Rolling-origin nested validation","Long-term monitoring","6","MLP","3","3","1","Robust","None","{""activation"":""tanh"",""alpha"":0.01,""hidden_layer_sizes"":[5]}","0.4319862110291461","42","Not applicable","Not applicable"
"Rolling-origin nested validation","Long-term monitoring","6","MLP","4","3","1","Standard","None","{""activation"":""relu"",""alpha"":0.1,""hidden_layer_sizes"":[10]}","1.0227480372015014","42","Not applicable","Not applicable"
"Rolling-origin nested validation","Long-term monitoring","6","MLP","5","3","1","Standard","None","{""activation"":""tanh"",""alpha"":0.01,""hidden_layer_sizes"":[5]}","1.0921558242456257","42","Not applicable","Not applicable"
"Rolling-origin nested validation","Long-term monitoring","6","MLP","6","3","1","Standard","None","{""activation"":""tanh"",""alpha"":0.01,""hidden_layer_sizes"":[5]}","0.11360097725597024","42","Not applicable","Not applicable"
"Rolling-origin nested validation","Long-term monitoring","6","RF","1","3","1","Not applicable","None","{""max_depth"":5,""max_features"":0.7,""min_samples_leaf"":1,""n_estimators"":300}","0.3987916083790955","42","Not applicable","Not applicable"
"Rolling-origin nested validation","Long-term monitoring","6","RF","2","3","1","Not applicable","None","{""max_depth"":5,""max_features"":0.7,""min_samples_leaf"":1,""n_estimators"":300}","0.41164682313351675","42","Not applicable","Not applicable"
"Rolling-origin nested validation","Long-term monitoring","6","RF","3","3","1","Not applicable","None","{""max_depth"":10,""max_features"":""sqrt"",""min_samples_leaf"":2,""n_estimators"":150}","0.8459376232776039","42","Not applicable","Not applicable"
"Rolling-origin nested validation","Long-term monitoring","6","RF","4","3","1","Not applicable","None","{""max_depth"":5,""max_features"":""sqrt"",""min_samples_leaf"":4,""n_estimators"":150}","0.9094943130354626","42","Not applicable","Not applicable"
"Rolling-origin nested validation","Long-term monitoring","6","RF","5","3","1","Not applicable","None","{""max_depth"":5,""max_features"":""sqrt"",""min_samples_leaf"":4,""n_estimators"":150}","0.9659443215587905","42","Not applicable","Not applicable"
"Rolling-origin nested validation","Long-term monitoring","6","RF","6","3","1","Not applicable","None","{""max_depth"":5,""max_features"":""sqrt"",""min_samples_leaf"":4,""n_estimators"":150}","0.7384380825759201","42","Not applicable","Not applicable"
"Rolling-origin nested validation","Long-term monitoring","6","SVM","1","3","1","Standard","None","{""C"":30,""epsilon"":0.01,""gamma"":0.1,""kernel"":""rbf""}","0.6656269597457537","42","Not applicable","Not applicable"
"Rolling-origin nested validation","Long-term monitoring","6","SVM","2","3","1","Robust","None","{""C"":3,""epsilon"":0.03,""gamma"":""scale"",""kernel"":""rbf""}","0.7120800944811724","42","Not applicable","Not applicable"
"Rolling-origin nested validation","Long-term monitoring","6","SVM","3","3","1","Robust","None","{""C"":3,""epsilon"":0.03,""gamma"":""scale"",""kernel"":""rbf""}","0.7516012797676856","42","Not applicable","Not applicable"
"Rolling-origin nested validation","Long-term monitoring","6","SVM","4","3","1","Standard","None","{""C"":1,""epsilon"":0.03,""gamma"":""scale"",""kernel"":""rbf""}","0.8115514375583764","42","Not applicable","Not applicable"
"Rolling-origin nested validation","Long-term monitoring","6","SVM","5","3","1","Standard","None","{""C"":1,""epsilon"":0.03,""gamma"":""scale"",""kernel"":""rbf""}","0.7731294815938026","42","Not applicable","Not applicable"
"Rolling-origin nested validation","Long-term monitoring","6","SVM","6","3","1","Standard","None","{""C"":1,""epsilon"":0.03,""gamma"":""scale"",""kernel"":""rbf""}","0.6188054701662061","42","Not applicable","Not applicable"
"Rolling-origin nested validation","Long-term monitoring","6","XGBoost","1","3","1","Not applicable","None","{""colsample_bytree"":0.8,""learning_rate"":0.05,""max_depth"":4,""min_child_weight"":5,""n_estimators"":300,""reg_lambda"":10,""subsample"":1.0}","0.6705159389140861","42","Not applicable","Not applicable"
"Rolling-origin nested validation","Long-term monitoring","6","XGBoost","2","3","1","Not applicable","None","{""colsample_bytree"":0.8,""learning_rate"":0.03,""max_depth"":4,""min_child_weight"":3,""n_estimators"":200,""reg_lambda"":5,""subsample"":0.8}","0.6620637992323218","42","Not applicable","Not applicable"
"Rolling-origin nested validation","Long-term monitoring","6","XGBoost","3","3","1","Not applicable","None","{""colsample_bytree"":0.8,""learning_rate"":0.05,""max_depth"":4,""min_child_weight"":5,""n_estimators"":300,""reg_lambda"":10,""subsample"":1.0}","0.832115200346156","42","Not applicable","Not applicable"
"Rolling-origin nested validation","Long-term monitoring","6","XGBoost","4","3","1","Not applicable","None","{""colsample_bytree"":0.8,""learning_rate"":0.05,""max_depth"":4,""min_child_weight"":5,""n_estimators"":300,""reg_lambda"":10,""subsample"":1.0}","0.869090283833056","42","Not applicable","Not applicable"
"Rolling-origin nested validation","Long-term monitoring","6","XGBoost","5","3","1","Not applicable","None","{""colsample_bytree"":0.8,""learning_rate"":0.05,""max_depth"":4,""min_child_weight"":5,""n_estimators"":300,""reg_lambda"":10,""subsample"":1.0}","0.8147063995546185","42","Not applicable","Not applicable"
"Rolling-origin nested validation","Long-term monitoring","6","XGBoost","6","3","1","Not applicable","None","{""colsample_bytree"":0.8,""learning_rate"":0.05,""max_depth"":4,""min_child_weight"":5,""n_estimators"":300,""reg_lambda"":10,""subsample"":1.0}","0.5319203177534539","42","Not applicable","Not applicable"
"Loading-stage grouped nested CV","Loading to failure","1","DT","1","5","3","Not applicable","None","{""criterion"":""squared_error"",""max_depth"":3,""min_samples_leaf"":1,""min_samples_split"":2}","3.863935817272332","42","42","59"
"Loading-stage grouped nested CV","Loading to failure","1","DT","2","5","3","Not applicable","None","{""criterion"":""squared_error"",""max_depth"":5,""min_samples_leaf"":2,""min_samples_split"":5}","2.168124509544802","42","42","59"
"Loading-stage grouped nested CV","Loading to failure","1","DT","3","4","3","Not applicable","None","{""criterion"":""absolute_error"",""max_depth"":5,""min_samples_leaf"":3,""min_samples_split"":8}","3.5725516091443663","42","42","59"
"Loading-stage grouped nested CV","Loading to failure","1","DT","4","3","2","Not applicable","None","{""criterion"":""squared_error"",""max_depth"":3,""min_samples_leaf"":1,""min_samples_split"":2}","2.9551273708213968","42","42","59"
"Loading-stage grouped nested CV","Loading to failure","1","MLP","1","5","3","Standard","None","{""activation"":""tanh"",""alpha"":0.01,""hidden_layer_sizes"":[5]}","2.3907976478817043","42","42","59"
"Loading-stage grouped nested CV","Loading to failure","1","MLP","2","5","3","Standard","None","{""activation"":""tanh"",""alpha"":0.1,""hidden_layer_sizes"":[10,5]}","1.0593033525440136","42","42","59"
"Loading-stage grouped nested CV","Loading to failure","1","MLP","3","4","3","Standard","None","{""activation"":""tanh"",""alpha"":1.0,""hidden_layer_sizes"":[20]}","1.7631609564915016","42","42","59"
"Loading-stage grouped nested CV","Loading to failure","1","MLP","4","3","2","Robust","None","{""activation"":""relu"",""alpha"":1.0,""hidden_layer_sizes"":[10,5]}","1.331466197979094","42","42","59"
"Loading-stage grouped nested CV","Loading to failure","1","RF","1","5","3","Not applicable","None","{""max_depth"":5,""max_features"":""sqrt"",""min_samples_leaf"":1,""n_estimators"":150}","3.5644466182627257","42","42","59"
"Loading-stage grouped nested CV","Loading to failure","1","RF","2","5","3","Not applicable","None","{""max_depth"":5,""max_features"":""sqrt"",""min_samples_leaf"":1,""n_estimators"":150}","1.5489669541342537","42","42","59"
"Loading-stage grouped nested CV","Loading to failure","1","RF","3","4","3","Not applicable","None","{""max_depth"":5,""max_features"":0.7,""min_samples_leaf"":1,""n_estimators"":300}","3.69359939108253","42","42","59"
"Loading-stage grouped nested CV","Loading to failure","1","RF","4","3","2","Not applicable","None","{""max_depth"":5,""max_features"":0.7,""min_samples_leaf"":1,""n_estimators"":300}","3.224254918237314","42","42","59"
"Loading-stage grouped nested CV","Loading to failure","1","SVM","1","5","3","Standard","None","{""C"":0.3,""epsilon"":0.03,""gamma"":""scale"",""kernel"":""linear""}","2.2567551192497133","42","42","59"
"Loading-stage grouped nested CV","Loading to failure","1","SVM","2","5","3","Standard","None","{""C"":10,""epsilon"":0.01,""gamma"":0.03,""kernel"":""rbf""}","2.2750311322894845","42","42","59"
"Loading-stage grouped nested CV","Loading to failure","1","SVM","3","4","3","Robust","None","{""C"":10,""epsilon"":0.01,""gamma"":""scale"",""kernel"":""linear""}","0.8295688968750506","42","42","59"
"Loading-stage grouped nested CV","Loading to failure","1","SVM","4","3","2","Standard","None","{""C"":0.3,""epsilon"":0.03,""gamma"":""scale"",""kernel"":""linear""}","1.2828007225775744","42","42","59"
"Loading-stage grouped nested CV","Loading to failure","1","XGBoost","1","5","3","Not applicable","None","{""colsample_bytree"":1.0,""learning_rate"":0.1,""max_depth"":3,""min_child_weight"":3,""n_estimators"":200,""reg_lambda"":10,""subsample"":0.8}","3.219009642350947","42","42","59"
"Loading-stage grouped nested CV","Loading to failure","1","XGBoost","2","5","3","Not applicable","None","{""colsample_bytree"":1.0,""learning_rate"":0.1,""max_depth"":4,""min_child_weight"":1,""n_estimators"":100,""reg_lambda"":5,""subsample"":0.8}","2.4213593416243175","42","42","59"
"Loading-stage grouped nested CV","Loading to failure","1","XGBoost","3","4","3","Not applicable","None","{""colsample_bytree"":1.0,""learning_rate"":0.1,""max_depth"":3,""min_child_weight"":3,""n_estimators"":200,""reg_lambda"":10,""subsample"":0.8}","2.947417287038288","42","42","59"
"Loading-stage grouped nested CV","Loading to failure","1","XGBoost","4","3","2","Not applicable","None","{""colsample_bytree"":1.0,""learning_rate"":0.03,""max_depth"":2,""min_child_weight"":1,""n_estimators"":100,""reg_lambda"":1,""subsample"":1.0}","2.8269029520378606","42","42","59"
"Loading-stage grouped nested CV","Loading to failure","2","DT","1","9","3","Not applicable","None","{""criterion"":""squared_error"",""max_depth"":3,""min_samples_leaf"":1,""min_samples_split"":2}","2.62985001684718","42","42","59"
"Loading-stage grouped nested CV","Loading to failure","2","DT","2","9","3","Not applicable","None","{""criterion"":""squared_error"",""max_depth"":3,""min_samples_leaf"":1,""min_samples_split"":2}","1.02293151720381","42","42","59"
"Loading-stage grouped nested CV","Loading to failure","2","DT","3","9","3","Not applicable","None","{""criterion"":""squared_error"",""max_depth"":3,""min_samples_leaf"":1,""min_samples_split"":2}","2.6942067478202194","42","42","59"
"Loading-stage grouped nested CV","Loading to failure","2","DT","4","6","2","Not applicable","None","{""criterion"":""absolute_error"",""max_depth"":5,""min_samples_leaf"":3,""min_samples_split"":8}","2.2951707217493227","42","42","59"
"Loading-stage grouped nested CV","Loading to failure","2","MLP","1","9","3","Robust","None","{""activation"":""relu"",""alpha"":1.0,""hidden_layer_sizes"":[10,5]}","0.7828087505111038","42","42","59"
"Loading-stage grouped nested CV","Loading to failure","2","MLP","2","9","3","Standard","None","{""activation"":""tanh"",""alpha"":0.1,""hidden_layer_sizes"":[10,5]}","0.5004026857152388","42","42","59"
"Loading-stage grouped nested CV","Loading to failure","2","MLP","3","9","3","Robust","None","{""activation"":""relu"",""alpha"":1.0,""hidden_layer_sizes"":[10,5]}","1.0736691434039354","42","42","59"
"Loading-stage grouped nested CV","Loading to failure","2","MLP","4","6","2","Robust","None","{""activation"":""relu"",""alpha"":1.0,""hidden_layer_sizes"":[10,5]}","1.338235955700861","42","42","59"
"Loading-stage grouped nested CV","Loading to failure","2","RF","1","9","3","Not applicable","None","{""max_depth"":10,""max_features"":0.7,""min_samples_leaf"":2,""n_estimators"":300}","2.3353815104974047","42","42","59"
"Loading-stage grouped nested CV","Loading to failure","2","RF","2","9","3","Not applicable","None","{""max_depth"":5,""max_features"":""sqrt"",""min_samples_leaf"":1,""n_estimators"":150}","0.756494653314768","42","42","59"
"Loading-stage grouped nested CV","Loading to failure","2","RF","3","9","3","Not applicable","None","{""max_depth"":5,""max_features"":0.7,""min_samples_leaf"":1,""n_estimators"":300}","2.4045911920586147","42","42","59"
"Loading-stage grouped nested CV","Loading to failure","2","RF","4","6","2","Not applicable","None","{""max_depth"":10,""max_features"":1.0,""min_samples_leaf"":1,""n_estimators"":300}","2.070856018704761","42","42","59"
"Loading-stage grouped nested CV","Loading to failure","2","SVM","1","9","3","Standard","None","{""C"":3,""epsilon"":0.01,""gamma"":""scale"",""kernel"":""linear""}","1.5693807448770158","42","42","59"
"Loading-stage grouped nested CV","Loading to failure","2","SVM","2","9","3","Standard","None","{""C"":3,""epsilon"":0.01,""gamma"":""scale"",""kernel"":""linear""}","0.774350179104389","42","42","59"
"Loading-stage grouped nested CV","Loading to failure","2","SVM","3","9","3","Standard","None","{""C"":0.3,""epsilon"":0.03,""gamma"":""scale"",""kernel"":""linear""}","2.874199105751059","42","42","59"
"Loading-stage grouped nested CV","Loading to failure","2","SVM","4","6","2","Standard","None","{""C"":0.3,""epsilon"":0.03,""gamma"":""scale"",""kernel"":""linear""}","2.2239683367130985","42","42","59"
"Loading-stage grouped nested CV","Loading to failure","2","XGBoost","1","9","3","Not applicable","None","{""colsample_bytree"":0.8,""learning_rate"":0.03,""max_depth"":4,""min_child_weight"":3,""n_estimators"":200,""reg_lambda"":5,""subsample"":0.8}","2.819292716591004","42","42","59"
"Loading-stage grouped nested CV","Loading to failure","2","XGBoost","2","9","3","Not applicable","None","{""colsample_bytree"":0.8,""learning_rate"":0.05,""max_depth"":4,""min_child_weight"":5,""n_estimators"":300,""reg_lambda"":10,""subsample"":1.0}","2.623328989061424","42","42","59"
"Loading-stage grouped nested CV","Loading to failure","2","XGBoost","3","9","3","Not applicable","None","{""colsample_bytree"":0.8,""learning_rate"":0.05,""max_depth"":3,""min_child_weight"":1,""n_estimators"":300,""reg_lambda"":5,""subsample"":0.8}","2.5608928477184234","42","42","59"
"Loading-stage grouped nested CV","Loading to failure","2","XGBoost","4","6","2","Not applicable","None","{""colsample_bytree"":0.8,""learning_rate"":0.05,""max_depth"":4,""min_child_weight"":5,""n_estimators"":300,""reg_lambda"":10,""subsample"":1.0}","2.115618047524818","42","42","59"
"Loading-stage grouped nested CV","Loading to failure","3","DT","1","9","3","Not applicable","None","{""criterion"":""absolute_error"",""max_depth"":5,""min_samples_leaf"":3,""min_samples_split"":8}","2.1856301532205","42","42","59"
"Loading-stage grouped nested CV","Loading to failure","3","DT","2","9","3","Not applicable","None","{""criterion"":""squared_error"",""max_depth"":3,""min_samples_leaf"":1,""min_samples_split"":2}","1.0463561110401716","42","42","59"
"Loading-stage grouped nested CV","Loading to failure","3","DT","3","9","3","Not applicable","None","{""criterion"":""squared_error"",""max_depth"":3,""min_samples_leaf"":1,""min_samples_split"":2}","2.4041052851782982","42","42","59"
"Loading-stage grouped nested CV","Loading to failure","3","DT","4","6","2","Not applicable","None","{""criterion"":""squared_error"",""max_depth"":3,""min_samples_leaf"":1,""min_samples_split"":2}","1.9263603498647048","42","42","59"
"Loading-stage grouped nested CV","Loading to failure","3","MLP","1","9","3","Standard","None","{""activation"":""relu"",""alpha"":0.1,""hidden_layer_sizes"":[10]}","1.4671459980129118","42","42","59"
"Loading-stage grouped nested CV","Loading to failure","3","MLP","2","9","3","Standard","None","{""activation"":""relu"",""alpha"":0.1,""hidden_layer_sizes"":[10]}","0.6692423828843872","42","42","59"
"Loading-stage grouped nested CV","Loading to failure","3","MLP","3","9","3","Standard","None","{""activation"":""relu"",""alpha"":1.0,""hidden_layer_sizes"":[20]}","2.337773058006625","42","42","59"
"Loading-stage grouped nested CV","Loading to failure","3","MLP","4","6","2","Robust","None","{""activation"":""tanh"",""alpha"":0.01,""hidden_layer_sizes"":[5]}","1.3435641939111744","42","42","59"
"Loading-stage grouped nested CV","Loading to failure","3","RF","1","9","3","Not applicable","None","{""max_depth"":null,""max_features"":1.0,""min_samples_leaf"":2,""n_estimators"":300}","2.1323230804433937","42","42","59"
"Loading-stage grouped nested CV","Loading to failure","3","RF","2","9","3","Not applicable","None","{""max_depth"":5,""max_features"":""sqrt"",""min_samples_leaf"":1,""n_estimators"":150}","0.822056274544829","42","42","59"
"Loading-stage grouped nested CV","Loading to failure","3","RF","3","9","3","Not applicable","None","{""max_depth"":5,""max_features"":""sqrt"",""min_samples_leaf"":1,""n_estimators"":150}","2.222941117051135","42","42","59"
"Loading-stage grouped nested CV","Loading to failure","3","RF","4","6","2","Not applicable","None","{""max_depth"":5,""max_features"":""sqrt"",""min_samples_leaf"":1,""n_estimators"":150}","1.5751062829121139","42","42","59"
"Loading-stage grouped nested CV","Loading to failure","3","SVM","1","9","3","Standard","None","{""C"":3,""epsilon"":0.01,""gamma"":""scale"",""kernel"":""linear""}","0.8543729500433933","42","42","59"
"Loading-stage grouped nested CV","Loading to failure","3","SVM","2","9","3","Standard","None","{""C"":3,""epsilon"":0.01,""gamma"":""scale"",""kernel"":""linear""}","0.6749884730712155","42","42","59"
"Loading-stage grouped nested CV","Loading to failure","3","SVM","3","9","3","Standard","None","{""C"":3,""epsilon"":0.01,""gamma"":""scale"",""kernel"":""linear""}","2.424989144167807","42","42","59"
"Loading-stage grouped nested CV","Loading to failure","3","SVM","4","6","2","Robust","None","{""C"":10,""epsilon"":0.01,""gamma"":""scale"",""kernel"":""linear""}","0.8003906876028993","42","42","59"
"Loading-stage grouped nested CV","Loading to failure","3","XGBoost","1","9","3","Not applicable","None","{""colsample_bytree"":0.8,""learning_rate"":0.05,""max_depth"":3,""min_child_weight"":1,""n_estimators"":300,""reg_lambda"":5,""subsample"":0.8}","1.7657211492374758","42","42","59"
"Loading-stage grouped nested CV","Loading to failure","3","XGBoost","2","9","3","Not applicable","None","{""colsample_bytree"":0.8,""learning_rate"":0.05,""max_depth"":3,""min_child_weight"":1,""n_estimators"":300,""reg_lambda"":5,""subsample"":0.8}","1.237027382654349","42","42","59"
"Loading-stage grouped nested CV","Loading to failure","3","XGBoost","3","9","3","Not applicable","None","{""colsample_bytree"":0.8,""learning_rate"":0.05,""max_depth"":3,""min_child_weight"":1,""n_estimators"":300,""reg_lambda"":5,""subsample"":0.8}","2.3064335316532736","42","42","59"
"Loading-stage grouped nested CV","Loading to failure","3","XGBoost","4","6","2","Not applicable","None","{""colsample_bytree"":0.8,""learning_rate"":0.05,""max_depth"":4,""min_child_weight"":5,""n_estimators"":300,""reg_lambda"":10,""subsample"":1.0}","1.5694390144209431","42","42","59"
"Loading-stage grouped nested CV","Loading to failure","4","DT","1","9","3","Not applicable","None","{""criterion"":""absolute_error"",""max_depth"":5,""min_samples_leaf"":3,""min_samples_split"":8}","3.318226182766933","42","42","59"
"Loading-stage grouped nested CV","Loading to failure","4","DT","2","9","3","Not applicable","None","{""criterion"":""squared_error"",""max_depth"":3,""min_samples_leaf"":1,""min_samples_split"":2}","1.3782537260364427","42","42","59"
"Loading-stage grouped nested CV","Loading to failure","4","DT","3","9","3","Not applicable","None","{""criterion"":""squared_error"",""max_depth"":3,""min_samples_leaf"":1,""min_samples_split"":2}","3.8303067762256333","42","42","59"
"Loading-stage grouped nested CV","Loading to failure","4","DT","4","6","2","Not applicable","None","{""criterion"":""absolute_error"",""max_depth"":5,""min_samples_leaf"":3,""min_samples_split"":8}","2.7767220215904205","42","42","59"
"Loading-stage grouped nested CV","Loading to failure","4","MLP","1","9","3","Standard","None","{""activation"":""tanh"",""alpha"":0.1,""hidden_layer_sizes"":[10,5]}","3.670200309533237","42","42","59"
"Loading-stage grouped nested CV","Loading to failure","4","MLP","2","9","3","Robust","None","{""activation"":""tanh"",""alpha"":0.1,""hidden_layer_sizes"":[10]}","1.0315998392146135","42","42","59"
"Loading-stage grouped nested CV","Loading to failure","4","MLP","3","9","3","Standard","None","{""activation"":""tanh"",""alpha"":1.0,""hidden_layer_sizes"":[20]}","3.717366248195702","42","42","59"
"Loading-stage grouped nested CV","Loading to failure","4","MLP","4","6","2","Standard","None","{""activation"":""tanh"",""alpha"":0.1,""hidden_layer_sizes"":[10]}","2.7747508729429797","42","42","59"
"Loading-stage grouped nested CV","Loading to failure","4","RF","1","9","3","Not applicable","None","{""max_depth"":null,""max_features"":1.0,""min_samples_leaf"":2,""n_estimators"":300}","3.200365222810003","42","42","59"
"Loading-stage grouped nested CV","Loading to failure","4","RF","2","9","3","Not applicable","None","{""max_depth"":null,""max_features"":1.0,""min_samples_leaf"":2,""n_estimators"":300}","1.6126291740096497","42","42","59"
"Loading-stage grouped nested CV","Loading to failure","4","RF","3","9","3","Not applicable","None","{""max_depth"":null,""max_features"":1.0,""min_samples_leaf"":2,""n_estimators"":300}","3.500923237680864","42","42","59"
"Loading-stage grouped nested CV","Loading to failure","4","RF","4","6","2","Not applicable","None","{""max_depth"":null,""max_features"":1.0,""min_samples_leaf"":2,""n_estimators"":300}","3.1053470906478315","42","42","59"
"Loading-stage grouped nested CV","Loading to failure","4","SVM","1","9","3","Standard","None","{""C"":30,""epsilon"":0.01,""gamma"":0.1,""kernel"":""rbf""}","3.035626373421753","42","42","59"
"Loading-stage grouped nested CV","Loading to failure","4","SVM","2","9","3","Standard","None","{""C"":30,""epsilon"":0.01,""gamma"":0.1,""kernel"":""rbf""}","1.5487633056830845","42","42","59"
"Loading-stage grouped nested CV","Loading to failure","4","SVM","3","9","3","Standard","None","{""C"":10,""epsilon"":0.01,""gamma"":0.03,""kernel"":""rbf""}","3.641110247993729","42","42","59"
"Loading-stage grouped nested CV","Loading to failure","4","SVM","4","6","2","Robust","None","{""C"":10,""epsilon"":0.01,""gamma"":""scale"",""kernel"":""linear""}","3.022393025626095","42","42","59"
"Loading-stage grouped nested CV","Loading to failure","4","XGBoost","1","9","3","Not applicable","None","{""colsample_bytree"":0.8,""learning_rate"":0.05,""max_depth"":4,""min_child_weight"":5,""n_estimators"":300,""reg_lambda"":10,""subsample"":1.0}","2.984878380538432","42","42","59"
"Loading-stage grouped nested CV","Loading to failure","4","XGBoost","2","9","3","Not applicable","None","{""colsample_bytree"":0.8,""learning_rate"":0.05,""max_depth"":2,""min_child_weight"":1,""n_estimators"":200,""reg_lambda"":5,""subsample"":0.8}","1.8710156907233388","42","42","59"
"Loading-stage grouped nested CV","Loading to failure","4","XGBoost","3","9","3","Not applicable","None","{""colsample_bytree"":1.0,""learning_rate"":0.1,""max_depth"":4,""min_child_weight"":1,""n_estimators"":100,""reg_lambda"":5,""subsample"":0.8}","3.101589164993504","42","42","59"
"Loading-stage grouped nested CV","Loading to failure","4","XGBoost","4","6","2","Not applicable","None","{""colsample_bytree"":1.0,""learning_rate"":0.03,""max_depth"":3,""min_child_weight"":5,""n_estimators"":300,""reg_lambda"":10,""subsample"":1.0}","3.0589250166164885","42","42","59"
"Loading-stage grouped nested CV","Loading to failure","5","DT","1","10","3","Not applicable","None","{""criterion"":""squared_error"",""max_depth"":3,""min_samples_leaf"":1,""min_samples_split"":2}","3.336914742692718","42","42","59"
"Loading-stage grouped nested CV","Loading to failure","5","DT","2","6","2","Not applicable","None","{""criterion"":""absolute_error"",""max_depth"":5,""min_samples_leaf"":3,""min_samples_split"":8}","2.2669992753165404","42","42","59"
"Loading-stage grouped nested CV","Loading to failure","5","DT","3","6","2","Not applicable","None","{""criterion"":""squared_error"",""max_depth"":5,""min_samples_leaf"":2,""min_samples_split"":5}","1.7644303006110178","42","42","59"
"Loading-stage grouped nested CV","Loading to failure","5","DT","4","6","2","Not applicable","None","{""criterion"":""squared_error"",""max_depth"":3,""min_samples_leaf"":1,""min_samples_split"":2}","0.9644473703415488","42","42","59"
"Loading-stage grouped nested CV","Loading to failure","5","MLP","1","10","3","Standard","None","{""activation"":""relu"",""alpha"":1.0,""hidden_layer_sizes"":[20]}","1.8925692649543087","42","42","59"
"Loading-stage grouped nested CV","Loading to failure","5","MLP","2","6","2","Standard","None","{""activation"":""relu"",""alpha"":0.1,""hidden_layer_sizes"":[10]}","0.961086202625316","42","42","59"
"Loading-stage grouped nested CV","Loading to failure","5","MLP","3","6","2","Standard","None","{""activation"":""tanh"",""alpha"":1.0,""hidden_layer_sizes"":[20]}","0.9136264440689493","42","42","59"
"Loading-stage grouped nested CV","Loading to failure","5","MLP","4","6","2","Robust","None","{""activation"":""relu"",""alpha"":1.0,""hidden_layer_sizes"":[10,5]}","0.23041860388102253","42","42","59"
"Loading-stage grouped nested CV","Loading to failure","5","RF","1","10","3","Not applicable","None","{""max_depth"":5,""max_features"":""sqrt"",""min_samples_leaf"":1,""n_estimators"":150}","3.553700789375976","42","42","59"
"Loading-stage grouped nested CV","Loading to failure","5","RF","2","6","2","Not applicable","None","{""max_depth"":10,""max_features"":1.0,""min_samples_leaf"":1,""n_estimators"":300}","1.793943967260925","42","42","59"
"Loading-stage grouped nested CV","Loading to failure","5","RF","3","6","2","Not applicable","None","{""max_depth"":10,""max_features"":1.0,""min_samples_leaf"":1,""n_estimators"":300}","1.7893736867733925","42","42","59"
"Loading-stage grouped nested CV","Loading to failure","5","RF","4","6","2","Not applicable","None","{""max_depth"":10,""max_features"":1.0,""min_samples_leaf"":1,""n_estimators"":300}","1.0556779221052561","42","42","59"
"Loading-stage grouped nested CV","Loading to failure","5","SVM","1","10","3","Standard","None","{""C"":1,""epsilon"":0.03,""gamma"":""scale"",""kernel"":""linear""}","2.1090489442283555","42","42","59"
"Loading-stage grouped nested CV","Loading to failure","5","SVM","2","6","2","Robust","None","{""C"":3,""epsilon"":0.03,""gamma"":""scale"",""kernel"":""linear""}","1.109405823241735","42","42","59"
"Loading-stage grouped nested CV","Loading to failure","5","SVM","3","6","2","Standard","None","{""C"":0.3,""epsilon"":0.03,""gamma"":""scale"",""kernel"":""linear""}","0.6183086749141189","42","42","59"
"Loading-stage grouped nested CV","Loading to failure","5","SVM","4","6","2","Robust","None","{""C"":10,""epsilon"":0.01,""gamma"":0.03,""kernel"":""rbf""}","0.8523806917751369","42","42","59"
"Loading-stage grouped nested CV","Loading to failure","5","XGBoost","1","10","3","Not applicable","None","{""colsample_bytree"":1.0,""learning_rate"":0.1,""max_depth"":3,""min_child_weight"":3,""n_estimators"":200,""reg_lambda"":10,""subsample"":0.8}","3.293673806778103","42","42","59"
"Loading-stage grouped nested CV","Loading to failure","5","XGBoost","2","6","2","Not applicable","None","{""colsample_bytree"":0.8,""learning_rate"":0.05,""max_depth"":4,""min_child_weight"":5,""n_estimators"":300,""reg_lambda"":10,""subsample"":1.0}","1.7644549548418178","42","42","59"
"Loading-stage grouped nested CV","Loading to failure","5","XGBoost","3","6","2","Not applicable","None","{""colsample_bytree"":0.8,""learning_rate"":0.05,""max_depth"":4,""min_child_weight"":5,""n_estimators"":300,""reg_lambda"":10,""subsample"":1.0}","1.7001370243667844","42","42","59"
"Loading-stage grouped nested CV","Loading to failure","5","XGBoost","4","6","2","Not applicable","None","{""colsample_bytree"":0.8,""learning_rate"":0.05,""max_depth"":4,""min_child_weight"":5,""n_estimators"":300,""reg_lambda"":10,""subsample"":1.0}","1.1317616083126674","42","42","59"
"Loading-stage grouped nested CV","Loading to failure","6","DT","1","9","3","Not applicable","None","{""criterion"":""absolute_error"",""max_depth"":null,""min_samples_leaf"":5,""min_samples_split"":8}","2.679785439172322","42","42","59"
"Loading-stage grouped nested CV","Loading to failure","6","DT","2","10","3","Not applicable","None","{""criterion"":""squared_error"",""max_depth"":3,""min_samples_leaf"":1,""min_samples_split"":2}","1.5604486534327244","42","42","59"
"Loading-stage grouped nested CV","Loading to failure","6","DT","3","9","3","Not applicable","None","{""criterion"":""squared_error"",""max_depth"":3,""min_samples_leaf"":1,""min_samples_split"":2}","2.38589605808803","42","42","59"
"Loading-stage grouped nested CV","Loading to failure","6","DT","4","6","2","Not applicable","None","{""criterion"":""squared_error"",""max_depth"":5,""min_samples_leaf"":1,""min_samples_split"":2}","1.925046095327538","42","42","59"
"Loading-stage grouped nested CV","Loading to failure","6","MLP","1","9","3","Standard","None","{""activation"":""relu"",""alpha"":0.1,""hidden_layer_sizes"":[10]}","0.4990608880086433","42","42","59"
"Loading-stage grouped nested CV","Loading to failure","6","MLP","2","10","3","Standard","None","{""activation"":""tanh"",""alpha"":0.1,""hidden_layer_sizes"":[10]}","0.29865049208237854","42","42","59"
"Loading-stage grouped nested CV","Loading to failure","6","MLP","3","9","3","Robust","None","{""activation"":""tanh"",""alpha"":0.1,""hidden_layer_sizes"":[10]}","1.0182106515638794","42","42","59"
"Loading-stage grouped nested CV","Loading to failure","6","MLP","4","6","2","Standard","None","{""activation"":""relu"",""alpha"":0.1,""hidden_layer_sizes"":[10]}","0.48042613085093944","42","42","59"
"Loading-stage grouped nested CV","Loading to failure","6","RF","1","9","3","Not applicable","None","{""max_depth"":5,""max_features"":0.7,""min_samples_leaf"":1,""n_estimators"":300}","1.787934626971582","42","42","59"
"Loading-stage grouped nested CV","Loading to failure","6","RF","2","10","3","Not applicable","None","{""max_depth"":10,""max_features"":1.0,""min_samples_leaf"":1,""n_estimators"":300}","1.0398408776951524","42","42","59"
"Loading-stage grouped nested CV","Loading to failure","6","RF","3","9","3","Not applicable","None","{""max_depth"":10,""max_features"":1.0,""min_samples_leaf"":1,""n_estimators"":300}","2.7202835526590214","42","42","59"
"Loading-stage grouped nested CV","Loading to failure","6","RF","4","6","2","Not applicable","None","{""max_depth"":5,""max_features"":0.7,""min_samples_leaf"":1,""n_estimators"":300}","1.8765794010987689","42","42","59"
"Loading-stage grouped nested CV","Loading to failure","6","SVM","1","9","3","Standard","None","{""C"":0.3,""epsilon"":0.03,""gamma"":""scale"",""kernel"":""linear""}","0.90580638961074","42","42","59"
"Loading-stage grouped nested CV","Loading to failure","6","SVM","2","10","3","Standard","None","{""C"":0.3,""epsilon"":0.03,""gamma"":""scale"",""kernel"":""linear""}","0.8459187326126975","42","42","59"
"Loading-stage grouped nested CV","Loading to failure","6","SVM","3","9","3","Standard","None","{""C"":0.3,""epsilon"":0.03,""gamma"":""scale"",""kernel"":""linear""}","1.0790490356038505","42","42","59"
"Loading-stage grouped nested CV","Loading to failure","6","SVM","4","6","2","Standard","None","{""C"":1,""epsilon"":0.03,""gamma"":""scale"",""kernel"":""linear""}","0.7827186214653937","42","42","59"
"Loading-stage grouped nested CV","Loading to failure","6","XGBoost","1","9","3","Not applicable","None","{""colsample_bytree"":0.8,""learning_rate"":0.05,""max_depth"":4,""min_child_weight"":5,""n_estimators"":300,""reg_lambda"":10,""subsample"":1.0}","1.833423355447826","42","42","59"
"Loading-stage grouped nested CV","Loading to failure","6","XGBoost","2","10","3","Not applicable","None","{""colsample_bytree"":0.8,""learning_rate"":0.05,""max_depth"":3,""min_child_weight"":1,""n_estimators"":300,""reg_lambda"":5,""subsample"":0.8}","1.2106407140878053","42","42","59"
"Loading-stage grouped nested CV","Loading to failure","6","XGBoost","3","9","3","Not applicable","None","{""colsample_bytree"":0.8,""learning_rate"":0.03,""max_depth"":3,""min_child_weight"":3,""n_estimators"":200,""reg_lambda"":5,""subsample"":1.0}","2.7910188920620103","42","42","59"
"Loading-stage grouped nested CV","Loading to failure","6","XGBoost","4","6","2","Not applicable","None","{""colsample_bytree"":1.0,""learning_rate"":0.05,""max_depth"":2,""min_child_weight"":3,""n_estimators"":300,""reg_lambda"":10,""subsample"":0.8}","1.7574182429009038","42","42","59"
